"","id","customer_id","courier_id","acceptance_latitude","acceptance_longitude"
"1",89380464,1345662,17815533,41.3880616,2.1067015
"2",89380672,293678,14596153,41.4025671,2.1556147
"3",89381081,18106511,17184173,41.3735603,2.1603043
"4",89381873,17016834,1253362,41.4002259,2.1705814
"5",89381936,2814321,1212306,41.3888301,2.1816322
"6",89382574,4010225,27662819,41.372427451948,2.1164608332661
"7",89382986,22409588,17953447,41.410642,2.1831518
"8",89383318,274130,17953447,41.4330254,2.1926907
"9",89383632,4020080,13925373,41.4075798,2.1718409
"10",89383717,2438849,23750405,41.4048821,2.1408236
"11",89384574,8801622,12975493,41.4073957524029,2.2039259827449
"12",89384857,13556859,23005647,41.4038286,2.1424483
"13",89383826,446454,1403814,41.4198283,2.1379899
"14",89385117,29581114,26302880,41.369203,2.108223
"15",89385383,836218,17815533,41.4312997,2.1657085
"16",89385523,27636743,1623403,41.3766259308568,2.14400228233635
"17",89385553,590077,3482320,41.381259,2.164754
"18",89386251,1143908,27679319,41.3923316,2.1494451
"19",89386767,272227,3098659,41.4054076823045,2.21475858842805
"20",89387916,14454181,27662820,41.3925618,2.1752774
"21",89388092,20124206,13925373,41.407328,2.1738543
"22",89388670,2096638,4051720,41.4173449,2.1481565
"23",89388694,8426890,26780802,41.4176986,2.2113393
"24",89388753,21469199,15327014,41.3711717,2.1094234
"25",89388812,12511810,1821158,41.4008846,2.1755685
"26",89389842,520509,6077179,41.3487139,2.1093799
"27",89390296,254792,28853361,41.3762766,2.1660638
"28",89390304,1384330,28004317,41.3761389,2.1434135
"29",89390437,12316137,NA,NA,NA
"30",89390552,1769733,23792675,41.3736338,2.1601736
"31",89391018,533652,28408586,41.4378811463583,2.1690333545389
"32",89391050,9597,NA,NA,NA
"33",89391513,10664735,11481807,41.3808639,2.181521
"34",89392102,1601354,28704394,41.41184,2.12466
"35",89392433,16485742,13819108,41.4395888,2.1884882
"36",89393020,29898655,28761564,41.4121627,2.16822
"37",89393186,12498519,23319931,41.3716916,2.1103568
"38",89393668,4087864,26316613,41.3904747,2.1428282
"39",89394578,375449,23057427,41.3732646,2.1648086
"40",89394452,610987,10305308,41.4048595,2.1671863
"41",89395276,10216494,2373403,41.4351117,2.1851633
"42",89395290,23965455,5416338,41.3833483113984,2.1526166822277
"43",89395619,778656,20488807,41.3945101,2.1713559
"44",89395885,718034,27124456,41.4035468,2.202246
"45",89396284,835201,29447461,41.3732544,2.1229249
"46",89396370,17655274,1694333,41.3908429,2.1491195
"47",89396775,2206017,27622062,41.3937964,2.171025
"48",89397151,25586036,NA,NA,NA
"49",89397154,821606,15410685,41.3966815,2.1610726
"50",89397163,1443087,23335250,41.4387749322145,2.17471822165155
"51",89398306,17225383,7941539,41.3835248,2.1345235
"52",89398981,476983,15241434,41.3749261,2.1685981
"53",89399149,173992,12242969,41.3953638,2.1457727
"54",89399333,3115674,26780802,41.3976906,2.1843851
"55",89399677,17224184,10293220,41.364669,2.0704653
"56",89399804,11630488,17212335,41.3968385,2.1621946
"57",89400098,13952712,7889928,41.3830436580268,2.15713910758696
"58",89400134,1353887,26272150,41.4245139,2.1417798
"59",89400342,19013491,29063240,41.3982554,2.1727078
"60",89400491,2104531,NA,NA,NA
"61",89401199,16040308,18298179,41.4030459,2.2006738
"62",89401922,1996744,29436147,41.3704898,2.0825355
"63",89402102,27401834,2489904,41.4052598,2.1552592
"64",89402538,1219134,3748615,41.3809537,2.0543985
"65",89403009,963470,25236014,41.413745,2.2088589
"66",89403620,388735,17691258,41.3905401,2.1489326
"67",89403671,25157784,5210543,41.3722965,2.1238131
"68",89405327,2532687,26781411,41.4059015,2.1361455
"69",89406001,17830444,793369,41.402068,2.1649679
"70",89406096,2176368,29211177,41.389414,2.1556438
"71",89406099,16250789,906063,41.4086636,2.1378379
"72",89406196,27747243,17211939,41.3790437,2.1456082
"73",89406657,2502933,4180339,41.4430773,2.1764764
"74",89406734,1083565,5493275,41.396758034256,2.15953885684641
"75",89406870,5603089,27613627,41.3804716,2.1497177
"76",89407427,26625561,2800375,41.4272626,2.1744905
"77",89408471,1472164,22365022,41.4129335,2.1429324
"78",89408629,26843550,27286919,41.4355305489539,2.18008096330071
"79",89408667,11346,27679314,41.3880798,2.1771482
"80",89408746,3162670,11602740,41.4093697,2.2165132
"81",89408803,13987556,25505685,41.3958326,2.1254571
"82",89408970,758094,27613627,41.377145,2.1472357
"83",89408974,668019,22523884,41.3701789,2.117783
"84",89410827,244200,17402124,41.4048236562325,2.17446181923354
"85",89411317,707286,7890271,41.445767,2.2143173
"86",89412676,17620,5089216,41.446329,2.2223329
"87",89413152,553563,25505685,41.3921351,2.1440483
"88",89413365,15868856,29210474,41.4011827,2.1631348
"89",89413867,214431,27916196,41.4035783,2.1661131
"90",89414347,26662009,4019144,41.4074721,2.159148
"91",89414878,19524969,NA,NA,NA
"92",89415606,19205848,27661426,41.4183777,2.1849043
"93",89415856,20985567,10809274,41.3740893,2.1688427
"94",89416109,9128445,27621247,41.3970394,2.1619546
"95",89416558,16854628,26841300,41.3896233,2.195285
"96",89417464,23036213,27665802,41.3840113,2.1814972
"97",89419040,1988141,8727938,41.4443285,2.220393
"98",89419235,11078554,26780802,41.4077574,2.1628107
"99",89420103,15138297,28809991,41.4160773,2.147801
"100",89420708,174277,NA,NA,NA
"101",89422759,757064,NA,NA,NA
"102",89422765,19801496,28012942,41.3799292,2.1483343
"103",89423039,3462630,6081166,41.3941333,2.1561169
"104",89423137,27097870,6273229,41.4166621,2.1477767
"105",89423219,13285624,26302880,41.3929799,2.1412162
"106",89426144,15691099,18774268,41.4061985955813,2.17106846821552
"107",89426213,1773584,7095949,41.3751336,2.1457743
"108",89425413,29816452,3876580,41.4097912,2.1899621
"109",89427236,2356532,10742306,41.3854221,2.1291304
"110",89427668,20663525,20818598,41.4363013,2.2395721
"111",89429544,863490,11481818,41.3898407,2.1746164
"112",89429666,2177159,5719735,41.4055022,2.1577759
"113",89430267,20798027,1694388,41.3857391,2.1405547
"114",89430868,1618057,NA,NA,NA
"115",89431003,476206,850942,41.3812922,2.1425055
"116",89432005,608481,28295680,41.3838587,2.1828875
"117",89432693,324723,26068199,41.3766553,2.1546145
"118",89433416,2490840,1436245,41.3851870330824,2.12539851665497
"119",89433473,1405817,27288572,41.420674545022,2.18887234837672
"120",89433665,29908065,13136214,41.4012632,2.1733283
"121",89434504,11649455,2943420,41.4352644,2.1808466
"122",89435178,3982358,17787749,41.3961591,2.124865
"123",89435966,93508,1067803,41.3836715,2.1785342
"124",89436455,16378640,26688249,41.3813375,2.1730911
"125",89436752,161506,16294356,41.3572885,2.125751
"126",89437483,3337593,387053,41.3769699,2.1893707
"127",89437668,1157068,8691555,41.4433682,2.1644566
"128",89438532,20750039,23482876,41.3759769,2.1466986
"129",89440628,8850941,2489655,41.3755697245064,2.16655893002848
"130",89441005,19419826,27087272,41.3734518,2.144708
"131",89441100,8694907,1067755,41.3900977762311,2.17795832281462
"132",89441284,15741790,21977084,41.3784536,2.160329
"133",89441755,59207,2154917,41.3717028668617,2.16015225456899
"134",89442333,29754513,24380931,41.37364,2.0957
"135",89443272,18385269,14542854,41.3878386,2.1646655
"136",89443706,10274515,27288572,41.3831014,2.1740377
"137",89443999,3091841,NA,NA,NA
"138",89444883,52714,2814820,41.3671018,2.1400276
"139",89445059,127510,3220980,41.4167785508054,2.21512663800802
"140",89445200,773958,29063585,41.3974789,2.2008511
"141",89445680,598984,24760572,41.3996642,2.1584845
"142",89446186,8557827,12045375,41.3944137,2.1955901
"143",89446284,29869446,22956403,41.3967026,2.1327984
"144",89446773,88483,14979165,41.3873965,2.1559046
"145",89447257,8503180,26413160,41.3918303,2.1730478
"146",89447924,947143,11964028,41.4037367,2.1735074
"147",89448137,521558,956590,41.3794846,2.065922
"148",89448639,775514,4343809,41.45076,2.2298445
"149",89448714,616714,13532031,41.3804029,2.160528
"150",89448921,28413180,17787749,41.4035312,2.140788
"151",89448963,478102,23320028,41.3807599,2.1495015
"152",89449019,20648972,3453562,41.3600669496145,2.1287364044451
"153",89449188,2864893,24285996,41.4037152,2.169288
"154",89449263,8914166,18298181,41.3947679,2.1441613
"155",89450089,3034706,1679147,41.3743416,2.1375443
"156",89451472,1371009,1805803,41.4112736,2.2124944
"157",89452100,2090433,19129959,41.3768413,2.1246121
"158",89452210,293263,1134914,41.390339,2.1760385
"159",89452671,22723,12299526,41.3946014,2.1457535
"160",89452914,3022788,3876536,41.4461836,2.2257241
"161",89454966,6739494,NA,NA,NA
"162",89455054,29922805,20488928,41.3953969,2.1705478
"163",89455233,727197,26068347,41.4201233,2.2215388
"164",89456195,1327783,NA,NA,NA
"165",89457222,2592,17953556,41.4083369,2.1782433
"166",89458020,1572177,15327016,41.4557885192721,2.22756109200625
"167",89458940,19696926,27870177,41.3758,2.1201817
"168",89458964,773914,15241011,41.4473037,2.2445407
"169",89460857,2550364,3623029,41.3759121,2.1571312
"170",89461587,58200,NA,NA,NA
"171",89462173,478383,26316613,41.3952431,2.1457138
"172",89463855,16259328,28813605,41.3982095,2.1608171
"173",89463906,73466,9183612,41.3791589,2.158196
"174",89464598,15966172,24610330,41.3797828,2.161421
"175",89464841,6091563,29436156,41.4223917,2.1495504
"176",89465043,5431169,29644279,41.4066495,2.1738864
"177",89465671,13159254,NA,NA,NA
"178",89466081,19894,29636171,41.378524310916,2.19065865441584
"179",89466621,4628553,NA,NA,NA
"180",89467167,753316,3646022,41.408935,2.1606104
"181",89467296,1196837,1236572,41.4116728,2.1626167
"182",89447285,752380,18532799,41.3578279276879,2.14093440776711
"183",89467325,2843033,24807514,41.3935324363796,2.18089082278514
"184",89468120,342300,26838783,41.3962572,2.1575489
"185",89470173,266487,3201898,41.3879661,2.164678
"186",89470209,832646,NA,NA,NA
"187",89470587,4013470,12296065,41.41864,2.20824
"188",89472303,6062223,26780802,41.4082541,2.2162861
"189",89472401,1141503,14120520,41.4013062475563,2.1371775061325
"190",89472421,1375387,5450590,41.3995557,2.1447429
"191",89474356,2365640,27623755,41.3938923,2.1519003
"192",89474395,3209527,17748515,41.4348849,2.2160833
"193",89474493,11261781,2154917,41.4484275,2.1835395
"194",89474666,29881787,12036520,41.3696292,2.142442
"195",89474907,2231204,11964039,41.4023552,2.1996642
"196",89475593,2752910,18298179,41.3710378,2.1351011
"197",89476097,2013511,27278300,41.4508718,2.2483733
"198",89476160,19016267,23071110,41.3626588,2.128775
"199",89476448,5890,23005642,41.4385457,2.1684112
"200",89476471,1427482,22735202,41.3776458,2.1203437
"201",89476860,2008636,1943205,41.4038128,2.1520574
"202",89471452,73577,20488811,41.3844227,2.1476247
"203",89478944,429447,NA,NA,NA
"204",89478959,820673,NA,NA,NA
"205",89479219,12992,13764309,41.4042375,2.140931
"206",89479388,15335826,19129969,41.3730665,2.1155725
"207",89479727,812729,NA,NA,NA
"208",89480055,724011,28855040,41.4357757,2.1601467
"209",89480110,307663,29211177,41.363545,2.1170606
"210",89480477,263891,25505685,41.3742468,2.1269723
"211",89480671,199680,28811639,41.3868404610466,2.17903967946768
"212",89481102,25990346,28756478,41.3562317,2.1120339
"213",89481193,344151,28803856,41.3762508,2.1327089
"214",89481416,1252294,17787740,41.3817163,2.1612086
"215",89481695,230211,26838783,41.4101851,2.1763546
"216",89481879,24404793,NA,NA,NA
"217",89481997,1222588,23759684,41.3848313645965,2.16659223497638
"218",89482450,2154504,10743905,41.4056541,2.1703826
"219",89482578,365260,6934290,41.3718497,2.1450472
"220",89476447,11349539,23005641,41.4107191,2.15091359999997
"221",89486292,29934627,NA,NA,NA
"222",89487139,28478837,29159659,41.4053523708544,2.16980101367952
"223",89487613,103372,1876167,41.4049889,2.1917749
"224",89488329,3707219,22327760,41.3790936,2.1495879
"225",89489702,398033,NA,NA,NA
"226",89490406,1175330,6273229,41.3578968,2.0903927
"227",89490770,13355151,5493369,41.3633829065734,2.12642949074507
"228",89491006,2050145,22523884,41.3758428,2.1204494
"229",89491729,27238408,27623755,41.4059243,2.1332049
"230",89491985,1974768,3482320,41.3968961,2.1526937
"231",89492125,1365754,22290158,41.3675229,2.1158694
"232",89493151,1080681,18907029,41.421065,2.1406317
"233",89493227,3971763,18907029,41.4031863,2.135436
"234",89493497,564678,14979159,41.403700396491,2.20225579795131
"235",89494705,535509,11088923,41.444652,2.2223882
"236",89495126,822141,20818599,41.3774429,2.1779471
"237",89495561,29827500,1212311,41.4057628,2.1994169
"238",89495877,790262,NA,NA,NA
"239",89496095,29657093,11913200,41.4130443,2.1974651
"240",89492169,589947,NA,NA,NA
"241",89497082,7821889,5719735,41.3961236,2.1702548
"242",89497355,986801,10401370,41.4312133,2.1921951
"243",89498325,29935738,17691258,41.36597,2.08622
"244",89499289,554159,1535527,41.3701613,2.0903547
"245",89499741,18339173,4343809,41.4543246734022,2.23556723445654
"246",89499808,4027765,5493369,41.3732126,2.1565451
"247",89501839,16888692,7200976,41.3914214,2.178902
"248",89502059,29492737,NA,NA,NA
"249",89502297,1148262,20818564,41.3893139,2.1586848
"250",89502994,359854,15060056,41.4390134,2.2217972
"251",89503729,26335227,15327016,41.4525941759734,2.21524036489633
"252",89503769,21111220,4327211,41.4561556152951,2.20852908046999
"253",89504114,7210616,14120522,41.3443508403668,2.10431439018986
"254",89505582,3890325,24819213,41.4021994,2.1624349
"255",89506747,872872,27285732,41.4047925,2.1818195
"256",89507025,28494504,26021248,41.4149782,2.1816068
"257",89507071,8410953,10204205,41.3758571,2.1204339
"258",89507974,21240475,11991026,41.3716726,2.1665648
"259",89508055,4965670,23801263,41.4029201,2.1601236
"260",89508958,1875710,27621190,41.4041408,2.1805143
"261",89509016,8255330,5210543,41.3749512,2.1630729
"262",89510270,7069084,1210766,41.4185742,2.1854078
"263",89380069,585808,924025,41.3815262,2.1730136
"264",89380142,438184,12036520,41.3904751,2.1476671
"265",89380289,949457,24176993,41.4050175,2.1920985
"266",89380528,23697736,17953445,41.4355287,2.1806167
"267",89380735,4395464,12390685,41.4429719,2.2291173
"268",89380887,629371,28756478,41.3532181,2.1067138
"269",89381008,26891171,399060,41.4125165,2.1885101
"270",89381353,21852139,22903130,41.4084561,2.1344394
"271",89381407,4036265,28761556,41.4355255,2.1805699
"272",89382743,24557580,3766798,41.3931856770454,2.1313867997398
"273",89384022,26194626,28708394,41.3735302,2.1394757
"274",89384129,784057,25088594,41.402388,2.156276
"275",89384338,632112,1253362,41.4093145,2.1909525
"276",89384411,3060314,17953547,41.3908059,2.1962795
"277",89384558,11571239,25916100,41.4092222,2.2166231
"278",89385226,1380571,2834291,41.4125848,2.1870018
"279",89385328,11626253,27087638,41.4047647,2.178583
"280",89386013,5018629,9999098,41.4291922979559,2.21164392188864
"281",89386015,4438781,1134914,41.3865852,2.1126308
"282",89385977,29343004,399060,41.4010155,2.1643265
"283",89386504,36867,16948944,41.3838889,2.0561634
"284",89387127,1419971,10742680,41.4091659,2.1969452
"285",89387136,4373588,26730997,41.3758377,2.1062331
"286",89387881,359954,1614048,41.360526,2.134195
"287",89387970,22749012,26880491,41.374486,2.1633585
"288",89388441,12307756,26776817,41.4053334,2.1631319
"289",89389467,22836222,1732955,41.4050999,2.1544974
"290",89389542,601333,24815772,41.4406705,2.2174159
"291",89389975,8196091,15060065,41.4015507,2.174672
"292",89390604,1310969,26067019,41.4044574,2.1656894
"293",89390777,1326768,11964061,41.4018919,2.2071386
"294",89390943,815830,7247886,41.4009729,2.1815204
"295",89391618,265354,1943205,41.3730629,2.1687985
"296",89392537,704507,14595880,41.4392172,2.2316811
"297",89392847,10264073,1694388,41.4037843,2.1559306
"298",89392935,1077008,5127875,41.3787937,2.1276783
"299",89393136,5062561,14596162,41.3797837,2.1726365
"300",89394492,551640,3071811,41.3832686,2.1566317
"301",89394498,215542,27087272,41.3754518,2.1289464
"302",89394944,142815,1875896,41.3921012,2.1445753
"303",89395577,454878,26728465,41.4175231,2.17258830000003
"304",89395965,11902859,1562561,41.3609644,2.1035688
"305",89396062,13658415,NA,NA,NA
"306",89396168,7216105,18298179,41.3818423,2.1872817
"307",89396889,1979383,12036562,41.3809093,2.1532045
"308",89396988,21389703,5493369,41.3608475,2.1392335
"309",89397633,16508989,16977086,41.3851137,2.1412463
"310",89397749,9793657,18774268,41.4379792625043,2.23896811610836
"311",89397969,3164052,22580076,41.372434,2.1439804
"312",89398116,2601996,27916196,41.3809131484192,2.14664143216869
"313",89398212,11283423,24610200,41.3780155,2.1534913
"314",89398342,4495120,1875896,41.4028448,2.1603436
"315",89398369,28437303,14879072,41.4250665249416,2.15391719757883
"316",89398027,811036,3909733,41.3971291,2.2004986
"317",89398690,12325608,13532030,41.392567,2.1422174
"318",89398600,1454345,13033604,41.384749,2.1440338
"319",89399770,213264,7200037,41.388452,2.161019
"320",89399782,1829840,15410703,41.3531298,2.1144637
"321",89399996,621243,18907029,41.4514621,2.253135
"322",89400747,857770,22536041,41.4475937,2.2007634
"323",89400881,21916256,26303623,41.3529338,2.1074329
"324",89401234,319806,20488928,41.3854559,2.1512288
"325",89403180,23692358,28756475,41.415666,2.1944287
"326",89403572,750743,17787749,41.4429789,2.1871138
"327",89403635,4251202,22327760,41.3737628779792,2.12029217164082
"328",89403839,16549373,20828739,41.4009724,2.1840458
"329",89404100,10064235,1496802,41.3592992,2.1238696
"330",89404343,21312705,17184169,41.3850246,2.1679417
"331",89404365,27305,NA,NA,NA
"332",89404537,2328333,20818564,41.369969,2.1025085
"333",89405269,284362,14879235,41.4228806225969,2.15708965435825
"334",89405623,29637874,27087638,41.3958536,2.1918212
"335",89406827,29904407,25461793,41.3771203,2.1196585
"336",89407203,334507,19129959,41.3784737,2.1399173
"337",89407316,83138,15016221,41.3896745,2.1799252
"338",89407449,2093262,13124408,41.4054375970052,2.17405522384115
"339",89407641,16038760,29211177,41.3836672,2.1473254
"340",89408110,38532,17787749,41.403914,2.1796215
"341",89408865,13742737,25612165,41.374606,2.0844163
"342",89409438,1379558,6275568,41.4382819,2.1778067
"343",89409498,29868228,22580137,41.4391742,2.188632
"344",89409677,521806,14922300,41.4092825,2.2164861
"345",89410232,2428117,29159659,41.4052451,2.1698913
"346",89411097,936872,12390684,41.3882960721747,2.17931530129675
"347",89411496,3789763,22733677,41.413173,2.2174231
"348",89411731,28375257,11991099,41.3809593,2.1749579
"349",89411819,394835,4130991,41.4043718,2.159817
"350",89414095,1305073,8727938,41.4335521,2.1880139
"351",89413730,174672,27186265,41.4024171,2.1388003
"352",89414490,1889182,11991099,41.4004923,2.1635944
"353",89414754,29607543,5719735,41.4059655,2.1611902
"354",89414862,192366,994782,41.3879328,2.1381935
"355",89415189,9955387,2373333,41.3526743,2.0769533
"356",89415751,2422549,11964987,41.3996021,2.1591934
"357",89415782,6798171,1623396,41.4045281474311,2.15470515908717
"358",89416946,12731547,11746013,41.4066718025149,2.18436699593374
"359",89417006,1462923,6206179,41.4075711,2.1398503
"360",89417113,22228408,11964065,41.4092955,2.1749852
"361",89418086,3106258,12242969,41.416138,2.1747622
"362",89418821,1881091,1126245,41.3915406,2.1525225
"363",89419283,781381,16977086,41.4154435,2.1779012
"364",89420125,2550109,2783666,41.3617051,2.108772
"365",89420280,2059269,9608687,41.3791576,2.19067399999994
"366",89420703,10069021,25445321,41.3656291,2.1382904
"367",89421097,142231,27960957,41.4028602,2.1591374
"368",89421259,684759,6582868,41.4390172831232,2.22617536538992
"369",89421329,16634964,25563491,41.3989341,2.1974975
"370",89421350,6567468,28756475,41.3930481,2.1498685
"371",89421408,27406567,3482999,41.3676586,2.0687603
"372",89421541,2553168,22290158,41.3720592,2.1659287
"373",89421840,18602473,17214919,41.4364026,2.1805785
"374",89422184,3538446,27621229,41.4112823,2.1770907
"375",89422449,2563873,28759985,41.3853988,2.1786542
"376",89422730,29182495,24176993,41.413732,2.1849083
"377",89424278,8548303,531678,41.388358,2.1802765
"378",89425311,8372430,24373046,41.402534,2.1463984
"379",89425680,18419316,1496733,41.4419977,2.1628105
"380",89425992,40244,1212275,41.3723877239619,2.1413550739751
"381",89426324,20797710,20488966,41.3745617,2.1451827
"382",89426600,1083912,11709376,41.4071796,2.1914784
"383",89426736,1688610,10411506,41.3776087,2.1578899
"384",89427643,1926521,10411506,41.3845598,2.1566317
"385",89427859,29821166,8977568,41.3854561,2.1562474
"386",89428135,673150,24760572,41.409537,2.1989693
"387",89430088,29915077,25563491,41.3855015214944,2.17941038945468
"388",89431314,797906,1759854,41.3852728,2.1824054
"389",89432140,9096869,2783666,41.3806686,2.1593339
"390",89432441,1051270,27183802,41.4134096,2.1771678
"391",89433031,6900578,2901832,41.3777204,2.1897405
"392",89433540,11190372,20818598,41.4468778,2.2391646
"393",89433774,20139229,8727938,41.4152511,2.1612676
"394",89433939,10170926,27665801,41.3961675,2.1740478
"395",89434277,545763,26691246,41.3952178,2.1793689
"396",89434491,18192199,27665805,41.4457903,2.1770894
"397",89434972,1619924,2831957,41.4107807,2.1683259
"398",89434986,17924614,20488807,41.3858533,2.164565
"399",89435247,6738219,8434602,41.359719,2.0760729
"400",89436164,5936993,25236015,41.3924227,2.1516694
"401",89436432,15575218,24809150,41.4070731,2.1836237
"402",89436297,992045,112777,41.4281536,2.1594144
"403",89437036,6870831,6505319,41.3789021,2.161026
"404",89437075,25869325,994782,41.3927618,2.1303543
"405",89437186,784057,1875896,41.4093676,2.1607223
"406",89438259,17536418,16295533,41.3921663,2.1908297
"407",89438385,12108426,12695798,41.3780346,2.1536197
"408",89441019,9704599,28399277,41.4433471228588,2.22982484369873
"409",89441298,11370533,14596153,41.4288696,2.1584607
"410",89441696,24470930,22566992,41.4321095,2.1940818
"411",89441838,525536,27231470,41.4165817,2.2115081
"412",89442419,2037729,22536037,41.3733735,2.0917816
"413",89442572,19963333,21451608,41.4041015,2.1699747
"414",89442636,17763131,26838783,41.3847762,2.1703902
"415",89442942,2092860,11991029,41.3969383,2.1325765
"416",89443242,19357485,29204188,41.3790478,2.1644034
"417",89443240,126097,17184169,41.4058372,2.1559353
"418",89443744,21873765,4643903,41.385886,2.179452
"419",89444253,1508706,17953445,41.4353325,2.180679
"420",89445426,129420,13124408,41.3984267,2.1425751
"421",89447244,12291857,25603700,41.4381445,2.2031645
"422",89447242,14336479,19083388,41.3798065,2.1759944
"423",89447682,38335,23855117,41.4025344,2.1931504
"424",89448093,22806537,24377127,41.385652,2.1640257
"425",89448573,1591578,22580076,41.4018298080577,2.15268965810738
"426",89450308,1188936,23005642,41.4109281,2.1680545
"427",89450417,16754037,2397363,41.3608227,2.0850542
"428",89452422,239828,28014527,41.3833008,2.1815898
"429",89452614,1692146,25861750,41.3645266,2.0536741
"430",89452662,20225602,655025,41.3868853,2.1598938
"431",89453458,1233465,29803721,41.4006515,2.1736163
"432",89453797,418847,28062021,41.395633636833,2.18785911798477
"433",89454652,12892124,18227416,41.3609215,2.1472612
"434",89454888,272055,5968159,41.4067485,2.187533
"435",89454921,833562,10304115,41.4349789,2.2270874
"436",89455844,8827161,9618603,41.4078513,2.1351885
"437",89456392,17411028,27974237,41.4059838,2.1966064
"438",89456998,23452071,21461275,41.4008152,2.2048471
"439",89457237,2110004,14922313,41.389322,2.1717652
"440",89458197,2105432,9018026,41.3608931,2.0815044
"441",89458396,590023,23478840,41.4026799,2.13044
"442",89457051,25880627,11882421,41.4253986,2.1918426
"443",89462960,2964656,25241237,41.4078698,2.2039449
"444",89463420,5064032,21763447,41.397227,2.159159
"445",89463532,168979,572908,41.3963059,2.1389769
"446",89464772,11651057,11964987,41.3673094,2.1283755
"447",89465056,23669775,6206179,41.4297126,2.1609057
"448",89380122,3124900,27282199,41.4252699,2.1852494
"449",89380264,1355042,930280,41.3758444455611,2.13754280386507
"450",89380382,1294932,1732955,41.3788577,2.1561555
"451",89380639,23184521,27622062,41.3847134,2.1672836
"452",89380777,22244567,17184153,41.374861,2.1612182
"453",89380842,1052729,28004317,41.3753839,2.1390988
"454",89381180,21546878,20827662,41.379951,2.1782123
"455",89381194,20133092,25445321,41.4172292,2.2140521
"456",89381627,18382393,697901,41.4112526,2.1947108
"457",89381708,530,10293148,41.3944131,2.1506617
"458",89381798,28196624,12296065,41.4343624,2.2140117
"459",89381867,1948348,2308749,41.3733805,2.1577699
"460",89382005,23679959,28855040,41.4379965,2.2137514
"461",89382470,930269,11913200,41.4038207,2.1734182
"462",89383024,25315101,18018556,41.3809373,2.1802115
"463",89383051,3192900,10202107,41.4354285049768,2.22224485042279
"464",89383625,943848,26068199,41.4095074,2.1742587
"465",89383643,51321,18019030,41.3910658,2.1963638
"466",89383919,11385128,10996226,41.4108543,2.1584065
"467",89384297,19957772,24285081,41.3716274,2.1142014
"468",89383610,267975,29436156,41.4063684,2.1852539
"469",89385224,791753,1761474,41.4150746,2.1609303
"470",89385443,2361561,1301749,41.444075,2.1743456
"471",89385464,215257,19129958,41.3886104,2.1450053
"472",89385703,1847070,19516062,41.380348,2.1740041
"473",89385767,1423566,6892257,41.4311764,2.1619192
"474",89385827,14079278,4019144,41.4057837,2.1599627
"475",89385913,17112851,27126618,41.4416482,2.1901062
"476",89386130,1179672,14158818,41.4120159,2.1639009
"477",89386535,195219,NA,NA,NA
"478",89386671,29775388,29204176,41.4160449,2.1764175
"479",89386894,29877126,24377127,41.3968928,2.1755816
"480",89387156,19685524,29264371,41.3647748,2.0985306
"481",89387204,17120967,28408586,41.4441957906105,2.18077844694164
"482",89387227,760708,25555669,41.3628506,2.1343556
"483",89388718,536788,11193175,41.4003393,2.135856
"484",89388860,16888692,3533421,41.4091296,2.1502325
"485",89389725,24125494,29264371,41.3638263,2.0813961
"486",89390146,1075668,3100977,41.4319715,2.2147095
"487",89390303,9153608,3098659,41.4058429703514,2.21403680758666
"488",89390349,608579,22237499,41.3529725,2.1062746
"489",89390540,23426273,22721664,41.4118263,2.1992912
"490",89390700,29897662,27285732,41.4100198,2.1883622
"491",89391007,1702746,8329405,41.4073541,2.1830394
"492",89391190,880910,25505685,41.3771129,2.1523393
"493",89391226,7680671,22209008,41.3902046,2.144728
"494",89391233,2270835,5572172,41.4305126,2.1743073
"495",89391615,156272,23335250,41.3978011720268,2.17486230656707
"496",89391675,447285,26880491,41.3742716,2.1742207
"497",89392083,627647,1560673,41.440395,2.1923277
"498",89392934,4182361,27915728,41.4001491,2.174952
"499",89392993,1519,2199363,41.3955234,2.1438902
"500",89393489,3273624,29049413,41.4076189,2.2053152
"501",89393646,29891127,25143649,41.4351728925564,2.16886466346265
"502",89394422,3703814,NA,NA,NA
"503",89394537,8394529,10305308,41.4070448268746,2.19751179334513
"504",89394935,16858182,1759854,41.4276549,2.1815057
"505",89394968,21477539,5719735,41.4173199,2.18169
"506",89395295,551653,27228915,41.3527833,2.114208
"507",89395382,1871691,2397363,41.3496117,2.0775703
"508",89395646,2492113,NA,NA,NA
"509",89396215,2980022,2901832,41.3732544,2.1229249
"510",89396133,573410,1943205,41.3748224,2.1428906
"511",89397057,707400,18532795,41.3804828,2.13071630000002
"512",89397319,1852294,18907031,41.3638489,2.0628457
"513",89397588,239968,28300336,41.4046475105373,2.19230689108576
"514",89397610,13213476,112777,41.4398371,2.241852
"515",89398224,1229952,14922398,41.410319,2.163847
"516",89398336,11627717,1694514,41.4299979,2.2213634
"517",89398354,1544509,530924,41.4040947,2.1519682
"518",89398802,27143528,2308316,41.3971209,2.1739175
"519",89398996,3834273,22956395,41.380749,2.1795685
"520",89399266,741681,12036520,41.4189725,2.1863491
"521",89399327,5198,17402114,41.3882222,2.1553694
"522",89399381,1646804,655037,41.3836021442352,2.14687638916275
"523",89399843,22861415,19084589,41.3717029,2.1290785
"524",89400074,15579219,14979002,41.3571306,2.1137585
"525",89400472,183437,11746013,41.4104477,2.1865879
"526",89400585,16284099,25236014,41.4070737,2.2098218
"527",89400808,118631,15410689,41.400223,2.147364
"528",89401181,20507185,17980164,41.4007808,2.1615912
"529",89401789,28085443,28356694,41.3932511,2.1575738
"530",89402264,1227822,17553920,41.3944186,2.0764119
"531",89402617,10772459,531678,41.3758386,2.1623581
"532",89403470,2170351,4622984,41.4023644,2.1796022
"533",89404432,608429,25603700,41.4348517,2.166505
"534",89404727,542153,8434602,41.3924588,2.1390544
"535",89405066,1102553,NA,NA,NA
"536",89405117,569440,26069217,41.4003934,2.1487021
"537",89405745,272456,1095688,41.4506346,2.2229472
"538",89406777,443288,15410703,41.3680833,2.131375
"539",89406857,21499657,14636290,41.3819388,2.1511247
"540",89406543,11632125,5210543,41.3573562,2.1277214
"541",89407812,7617836,11882421,41.4353026,2.1807559
"542",89407920,58461,11991029,41.4147744,2.1651222
"543",89408409,1800790,20828739,41.4012581,2.1798166
"544",89408851,29904555,22064858,41.3559323,2.0974359
"545",89409207,29905510,2024060,41.4052802,2.1384106
"546",89409252,8369252,27186265,41.3984028,2.1873561
"547",89410494,29441524,4967364,41.3795319,2.1728104
"548",89410525,10639429,18298181,41.3925494,2.14919
"549",89410606,4111040,15326660,41.375773,2.1203359
"550",89410849,357318,22287456,41.3946394,2.1910516
"551",89411303,29906480,4327211,41.4459430200001,2.24130403999798
"552",89411329,24452573,14596160,41.3806944,2.1467079
"553",89411409,400945,24814075,41.390721,2.1357227
"554",89411653,29904049,17402118,41.3811328,2.15103
"555",89412042,102749,13337765,41.3952334,2.1429502
"556",89412323,5146729,25556660,41.3886862,2.1368186
"557",89412372,27911534,3942782,41.4461381,2.2447024
"558",89412315,27710309,11193175,41.3984359409649,2.16133544476155
"559",89413383,22064675,11089208,41.4397123,2.2184206
"560",89413935,13084234,3943207,41.4223427,2.1643098
"561",89414111,92966,906063,41.4269127,2.1512736
"562",89413779,29907651,21461275,41.4302853,2.1817955
"563",89414348,25242091,2584629,41.3948682,2.1184409
"564",89414603,527647,26021248,41.4240881,2.1412998
"565",89415293,1138115,9999098,41.4448639986227,2.21280031931398
"566",89416259,29311402,12296091,41.3995129,2.1800663
"567",89416449,329102,1981394,41.4154713,2.1867374
"568",89419296,372278,24373046,41.4090021,2.1871462
"569",89421092,676279,2814820,41.406973,2.1337731
"570",89421294,25402921,27469279,41.4379165496184,2.15724803123064
"571",89423093,21140670,20827827,41.3821668,2.1693105
"572",89423926,29747130,25088594,41.4047934,2.1288527
"573",89424891,29914187,1163478,41.3750073688894,2.16862416473542
"574",89424933,2400784,5750891,41.439819,2.161647
"575",89426545,29914546,24807514,41.3940496488532,2.17221291460506
"576",89427533,683325,27130601,41.4152244,2.1618493
"577",89428144,3381723,1067803,41.3765205,2.171896
"578",89428202,475320,1126245,41.3921792,2.1444497
"579",89429006,2678485,27286919,41.4018429,2.1757319
"580",89429671,2531971,NA,NA,NA
"581",89430217,329879,28294393,41.3978211,2.1694148
"582",89431270,28714368,20488811,41.3931753,2.1451119
"583",89431306,12051479,11088925,41.4351817,2.1809692
"584",89431768,226466,14979159,41.403715,2.1690727
"585",89432406,24218326,20818599,41.3780543,2.1435761
"586",89433508,8191246,12651102,41.4039148,2.1815338
"587",89434476,846967,18018559,41.4044623,2.1328641
"588",89434818,29917959,3071811,41.3818607,2.1469914
"589",89434942,306461,23750412,41.3965105,2.1681968
"590",89435117,23066681,21763447,41.3823947498308,2.17547301203012
"591",89435401,19417942,11603003,41.3854950713379,2.16412391513788
"592",89435421,1085754,NA,NA,NA
"593",89436395,1821665,23478840,41.4080988,2.1553979
"594",89436525,12762971,21977131,41.3930275,2.1684651
"595",89436817,641974,28309292,41.3791634,2.171901
"596",89437706,1776081,20488811,41.3879917,2.1780506
"597",89437927,13265390,22956476,41.3795677750849,2.17048861003867
"598",89439183,1456656,17402120,41.4037088,2.1733636
"599",89439265,21156184,20488928,41.3845646,2.1792378
"600",89439901,225209,29264353,41.4118875,2.147026
"601",89440382,29920812,27284410,41.4182974,2.1996084
"602",89440522,18357053,27626805,41.4035948,2.1459069
"603",89440975,1084055,5572323,41.3918916788338,2.14411103166839
"604",89441665,786383,12935946,41.4290385,2.2116233
"605",89442875,7134870,8590944,41.4044056974852,2.17476727118462
"606",89442920,2400989,25236014,41.4069073,2.1933835
"607",89443255,253658,13440214,41.4114708781639,2.15255085378885
"608",89443487,19938193,11481818,41.4041321,2.1585247
"609",89438114,167760,12565588,41.4032634,2.134245
"610",89443865,1783840,112777,41.4348604,2.1725266
"611",89446383,24197949,8691555,41.447513,2.1733667
"612",89446448,3805845,23482874,41.3694759,2.1421964
"613",89447229,1242171,18047432,41.3903951221323,2.16737459963795
"614",89447243,87138,13925373,41.4058686,2.169613
"615",89447260,1421993,8592519,41.3995395,2.1693465
"616",89447296,857286,26067019,41.3841855,2.1000076
"617",89447418,23992055,11991095,41.3894344,2.1501142
"618",89446205,10539832,26743635,41.421558,2.1567504
"619",89448000,18970586,15411036,41.370365,2.0824822
"620",89448327,1299137,28013135,41.4619715,2.2479385
"621",89449015,6484205,26781411,41.4280528,2.1553769
"622",89449315,25792208,17788133,41.372925904618,2.1594202425351
"623",89449548,754234,28802407,41.3494104369738,2.06798187948985
"624",89449724,29923955,1562561,41.3844163,2.1396341
"625",89450309,23400251,1212311,41.4048379,2.1992117
"626",89450316,27616774,10742802,41.3812775,2.1887224
"627",89450604,670340,5450590,41.3857407,2.0760163
"628",89451162,28028675,17402118,41.4070388,2.1573225
"629",89451424,6786009,13818966,41.3958446,2.15705
"630",89451533,76341,3876462,41.4227255,2.1527943
"631",89452012,309375,1436229,41.3826488,2.1348142
"632",89452090,1477614,17787747,41.3568205,2.1181955
"633",89380255,19002180,1694388,41.3873999,2.1687983
"634",89380729,17367115,28294922,41.3886623,2.176851
"635",89380914,702035,29804443,41.3844779,2.1515856
"636",89381099,1041383,3071811,41.3807846,2.1677773
"637",89381727,5500528,28810510,41.4038887,2.1737136
"638",89382117,28209410,9516930,41.3780863,2.1652558
"639",89382166,1993653,24714960,41.404348,2.1456048
"640",89381788,2548098,29436156,41.44986,2.2200339
"641",89382996,114841,3910220,41.4180514,2.1727141
"642",89383867,1409080,576722,41.4034049,2.1895931
"643",89385309,29892555,17428635,41.3933247,2.1506633
"644",89385613,722202,24610330,41.4244755,2.1780262
"645",89384657,1376866,24807228,41.4530393,2.2194467
"646",89385652,12386696,14922398,41.3991193,2.1606883
"647",89385781,27020983,26839529,41.3835819,2.1555474
"648",89385886,253466,26316613,41.3740454541519,2.13640027575158
"649",89387387,2342338,2397363,41.3650933,2.0982346
"650",89387460,1698009,21759183,41.4450035,2.2360546
"651",89387886,5469875,26268481,41.3743414,2.1550652
"652",89388295,22634761,1496733,41.4296909,2.1911882
"653",89388650,1580842,27190542,41.3634905219463,2.12461983785231
"654",89389107,373279,1067803,41.4012565,2.1742017
"655",89389493,292294,3786599,41.3892979,2.1501083
"656",89389675,17697678,11991095,41.3943604,2.1697422
"657",89389782,1186105,17815533,41.4217313,2.1570082
"658",89389449,6527712,3100801,41.3911371,2.1917813
"659",89390166,103387,1126245,41.3786417,2.1332011
"660",89390461,18327220,28068147,41.4288819,2.1924729
"661",89390793,282090,952195,41.3867373,2.1771483
"662",89393281,200571,29093638,41.3828273,2.1658581
"663",89393616,450242,2397363,41.3522272,2.0727251
"664",89394167,18727152,13764230,41.3694932,2.0727609
"665",89394420,1178081,6081166,41.3835837,2.145543
"666",89394763,593405,1134914,41.3783907,2.1148151
"667",89395219,18504,23759684,41.4111879325766,2.21367828230538
"668",89395486,264218,11991095,41.3816933,2.1475068
"669",89396151,24728747,1623396,41.3782091,2.1721031
"670",89396636,838470,27974237,41.414616,2.1787123
"671",89398172,1312538,14596160,41.3789706,2.1663471
"672",89398555,17145555,1212306,41.3756689,2.1402866
"673",89399957,270573,14120520,41.4090857,2.1712169
"674",89400223,20441073,16948952,41.4139978,2.1370741
"675",89400927,1576445,28851180,41.4036531234546,2.17336630448901
"676",89401278,13661297,12390813,41.37531,2.1086
"677",89401867,20713306,1876167,41.4088923,2.1806507
"678",89402016,1184157,1623396,41.3788048,2.1775922
"679",89402048,591321,1875896,41.4005767,2.1674847
"680",89402053,901826,7246279,41.3773744,2.1786562
"681",89402401,1658030,2329619,41.4092975,2.165366
"682",89402592,8699791,27228944,41.411371,2.1859567
"683",89403292,1024783,9516930,41.3869089,2.1779342
"684",89404533,28033931,3071811,41.3838119,2.1723342
"685",89404696,17487213,17184153,41.4414717,2.1820033
"686",89404803,20757405,27273462,41.406924,2.1580713
"687",89404931,13291162,15060054,41.3620193,2.131333
"688",89405601,2730417,3943207,41.4134503,2.1631012
"689",89405622,8915220,22615304,41.3743357,2.1301273
"690",89406556,6734481,6081166,41.3917993,2.1523338
"691",89406847,1519782,25969775,41.3984322,2.1259618
"692",89406852,761178,27974265,41.4355437,2.180513
"693",89406975,14563093,8727938,41.4464891,2.1713558
"694",89407559,15829982,13728724,41.4082405809699,2.20635076984969
"695",89407628,3963446,26841300,41.3830404,2.1604695
"696",89407803,29616943,2919639,41.3939132,2.1669377
"697",89408053,29369520,4969729,41.431065132187,2.16698706277605
"698",89408786,19276107,24715091,41.3572937872492,2.12793045016156
"699",89408899,23433391,18799747,41.3911398,2.1344912
"700",89409000,636688,27673988,41.4038184,2.1735224
"701",89409225,495412,12243052,41.4243929,2.1514415
"702",89409466,1241570,12242963,41.40481754916,2.15423337634743
"703",89409330,9226086,11964027,41.3798967,2.1558549
"704",89409761,6989932,28803856,41.4032306,2.1734772
"705",89412613,19227204,10411235,41.3702955,2.1185249
"706",89414915,23943394,18840180,41.3838436,2.1943405
"707",89414970,3961863,28058990,41.4066919,2.1772421
"708",89415128,29910132,4130991,41.4003839297606,2.16427068226241
"709",89415616,2178590,17553996,41.3638088,2.1172406
"710",89416242,18341979,27665802,41.382799,2.1851518
"711",89416754,1773230,28759982,41.410002,2.2153239
"712",89417286,655682,22615304,41.3751499,2.1446118
"713",89417456,28341654,11964987,41.3945101,2.1713559
"714",89417666,19053493,11193175,41.3863553,2.1800474
"715",89417937,83480,4051720,41.3848361,2.1801833
"716",89418685,9329188,13033624,41.374987,2.1661237
"717",89419280,641974,18047432,41.407019,2.1510484
"718",89419380,23978729,22615304,41.3834254,2.1457518
"719",89421625,29711509,25602914,41.3920345,2.1525211
"720",89422297,22310878,8977568,41.3765837,2.1535318
"721",89423384,4623235,25461793,41.3791898,2.0748687
"722",89423961,10742247,6505319,41.4040878,2.173759
"723",89424973,29914722,17184153,41.4441296,2.2461484
"724",89425546,16639667,29485952,41.3762774798776,2.17724990496497
"725",89425816,7300187,26735333,41.3890037,2.1515699
"726",89426090,1359416,29436156,41.4169282,2.138926
"727",89426353,25330465,4503529,41.3937749,2.1579902
"728",89426549,29915450,8269988,41.3805818,2.1745999
"729",89428133,1159366,27087638,41.3838648,2.1789233
"730",89429359,4533043,29448520,41.4458612,2.1779032
"731",89429593,27726926,2329783,41.4218796806637,2.14074761561378
"732",89430288,3963061,28058990,41.4037313,2.1733852
"733",89431315,253312,952195,41.4034598,2.1759317
"734",89431386,4040369,28399269,41.3875319,2.1682785
"735",89431748,5347832,15326660,41.3717302,2.0997768
"736",89433053,186331,4485447,41.4242840556997,2.15343847441814
"737",89433661,8607331,28062021,41.4089714,2.1807197
"738",89434763,20845848,790853,41.4185568,2.1805402
"739",89435215,8128326,2901832,41.3788240403322,2.16097441502117
"740",89435240,11639822,28463899,41.4097143,2.216954
"741",89436540,17411977,14158818,41.3997688,2.160587
"742",89436868,329768,14595880,41.443344728488,2.2296796902098
"743",89436889,14603370,29063240,41.4074688,2.1653344
"744",89437101,620129,27225210,41.4290735,2.2116589
"745",89437113,272064,3221210,41.3804037,2.1742882
"746",89437336,1698804,12975496,41.374778,2.1608743
"747",89438308,9505,26067019,41.37497,2.1164421
"748",89438540,898057,22721664,41.4023007,2.2017823
"749",89438586,29200278,6934381,41.3804494,2.1677807
"750",89427752,25180442,28010018,41.4150544,2.2031987
"751",89439125,651946,17717494,41.4055177,2.1537018
"752",89439563,69986,5750891,41.4114489,2.1505265
"753",89440566,2739113,17214928,41.3528583,2.1062717
"754",89441425,9355842,25136826,41.4290833,2.211605
"755",89441465,12813347,25134483,41.4517339,2.2351567
"756",89444435,2100502,15060056,41.4430198,2.2293129
"757",89444716,8336066,10411235,41.3749219,2.1160437
"758",89444953,100676,20818558,41.3556009,2.0655627
"759",89445256,581259,12602530,41.3575132,2.1277357
"760",89445521,17298242,13808137,41.3720896840481,2.11890614591736
"761",89447147,3155053,28309292,41.3837453,2.1833759
"762",89447343,27632055,29110365,41.3822992926521,2.15860306719236
"763",89447473,4570339,24714960,41.3602751,2.1284089
"764",89449139,1465827,3332293,41.3665583,2.0788153
"765",89449354,29492532,7246279,41.3757792,2.1396152
"766",89449511,1753729,14120520,41.3961894,2.1638198
"767",89449571,14774317,NA,NA,NA
"768",89451170,54474,28356694,41.4075719,2.1843175
"769",89451730,648452,25136826,41.429065,2.21158
"770",89451851,130074,19084583,41.4118271,2.1649787
"771",89452205,22725760,NA,NA,NA
"772",89452437,1585033,13764309,41.3827974,2.1715992
"773",89454383,2678062,21983522,41.4082832,2.1839171
"774",89454460,15685996,27228944,41.3783503,2.1584279
"775",89454989,8288494,24814075,41.3708668,2.1431218
"776",89455899,8392740,17402123,41.3787309,2.1652947
"777",89456227,1531624,28761570,41.435246,2.2193938
"778",89456243,661639,26068347,41.4203464,2.2213084
"779",89457105,2569395,4503495,41.4010041,2.1548089
"780",89457163,1117323,17787751,41.4338286,2.2249158
"781",89457501,844642,NA,NA,NA
"782",89451528,789636,22671925,41.4145747,2.1688856
"783",89458711,2882146,25557774,41.4024161218413,2.16929645507573
"784",89459984,466386,1095688,41.404365,2.1564082
"785",89459985,20568,2584638,41.43854,2.21978
"786",89460198,7317535,29636767,41.3873753,2.1943845
"787",89460640,64293,3098659,41.3815333,2.1416101
"788",89460728,5589105,14542854,41.3722457,2.1378649
"789",89460823,17871769,NA,NA,NA
"790",89461881,175042,27974251,41.4177129,2.1853835
"791",89462139,2378342,3332293,41.3606259,2.1048978
"792",89464277,1492764,1805803,41.4353941,2.2181502
"793",89464933,824143,1126245,41.4036931,2.1431894
"794",89466741,19224680,1694333,41.3863684,2.1463669
"795",89467063,2880293,NA,NA,NA
"796",89467899,798423,27186265,41.3765325,2.1199399
"797",89468073,29505382,27476342,41.4050934,2.1449496
"798",89468086,1581570,27679321,41.3726413,2.1557875
"799",89468531,11616352,NA,NA,NA
"800",89468654,764250,22567060,41.42956,2.1843861
"801",89469373,2109179,23071110,41.3639975013597,2.1192426793297
"802",89469538,27202910,10401370,41.4483569,2.228922
"803",89469935,948707,7198569,41.3935634,2.140109
"804",89470026,5623774,12296074,41.393476,2.17411059999995
"805",89470089,1119728,3876580,41.3977894,2.1168393
"806",89470118,8974904,2710750,41.3931787,2.149669
"807",89470731,13654181,14978993,41.3975964,2.1392892
"808",89470855,1327783,2919567,41.4077786,2.1742719
"809",89470997,487656,1943205,41.3752919,2.1662747
"810",89471168,6788610,18298181,41.3883632,2.1329772
"811",89471489,28840936,NA,NA,NA
"812",89471686,25576620,27665800,41.4002875,2.1593656
"813",89471812,1416231,NA,NA,NA
"814",89472168,957806,20488811,41.3822982,2.1602909
"815",89472227,1250986,14879235,41.4399418,2.244611
"816",89472383,5934898,22567062,41.4530539,2.252046
"817",89472580,11219255,2316818,41.4317661,2.1843207
"818",89465997,25109910,24809150,41.3785198,2.1399073
"819",89466094,13780869,NA,NA,NA
"820",89466196,3941626,20488966,41.4100135,2.1556938
"821",89466276,1242691,29802866,41.4081933,2.1468162
"822",89466792,4312355,29063579,41.3688962690109,2.12550312280655
"823",89467630,555090,27953680,41.4535526,2.2180551
"824",89468173,15527033,27286919,41.3826856,2.1813318
"825",89468800,486477,22279652,41.4084422,2.1659197
"826",89468964,28010999,28810510,41.3972273,2.176338
"827",89469346,1070617,NA,NA,NA
"828",89469765,635083,NA,NA,NA
"829",89470120,10373877,9184151,41.3639804,2.0812529
"830",89470811,29927082,9448474,41.4212449,2.2132265
"831",89471387,27486730,NA,NA,NA
"832",89471767,1073037,27915731,41.3924116,2.1493461
"833",89472256,3414845,26838784,41.3795235,2.1793175
"834",89472297,843412,27662820,41.3957384,2.1808983
"835",89474221,14668954,NA,NA,NA
"836",89474440,505724,12045375,41.4081373207929,2.17935718595982
"837",89474513,28847163,29264589,41.3860326,2.1622696
"838",89475586,15746369,27228915,41.4102659,2.1801389
"839",89476610,737037,NA,NA,NA
"840",89477034,58200,15241335,41.3977894,2.1168393
"841",89477314,486522,26880491,41.3990025,2.1805153
"842",89479001,5170072,27186265,41.380053,2.1261554
"843",89479011,27800,28248608,41.363097,2.1090699
"844",89479016,919187,22615307,41.3729436,2.1353646
"845",89479463,861797,NA,NA,NA
"846",89479468,4418701,NA,NA,NA
"847",89480492,1322669,3533421,41.3879748,2.1812453
"848",89480842,1846820,22580137,41.3951047,2.1428088
"849",89480941,19003545,2221931,41.3633941,2.0606988
"850",89481313,845648,1668612,41.4481663,2.2307374
"851",89481593,12164070,29204188,41.377394,2.1902412
"852",89481782,51066,27269420,41.4218998,2.1465221
"853",89481892,22391008,2308749,41.359831,2.138939
"854",89482218,3375099,19129958,41.39642,2.125554
"855",89482234,10534632,18907018,41.3937964,2.171025
"856",89482767,3951404,2329866,41.402258,2.166254
"857",89483128,966391,1413413,41.3880862,2.1426843
"858",89483385,2945730,NA,NA,NA
"859",89483561,8993,18048488,41.3858273,2.1644265
"860",89483998,1369623,604053,41.4056746,2.163348
"861",89484005,21026736,646395,41.3650251,2.0912653
"862",89484266,11209161,29636171,41.3946218,2.1907186
"863",89486698,14842763,3084803,41.4101925,2.1695471
"864",89487007,818474,26263255,41.3847312659347,2.16636783602884
"865",89487023,361338,NA,NA,NA
"866",89487228,641892,25916100,41.4456797,2.2143093
"867",89487546,646837,2329866,41.4105884,2.1645688
"868",89487991,368858,22361565,41.4066595,2.1907937
"869",89488258,2067430,NA,NA,NA
"870",89489646,813889,13440214,41.3542583,2.0872013
"871",89489660,1019295,24165788,41.3668211,2.0579067
"872",89489841,549348,23958553,41.3918187,2.1682875
"873",89490527,8753776,930280,41.3826601670715,2.0817443211233
"874",89490595,411286,27916196,41.3730837,2.1650848
"875",89491767,23536233,2814603,41.4001511,2.162765
"876",89491795,416424,17402134,41.3812747,2.1592971
"877",89492040,2753911,1746125,41.4473747,2.2299331
"878",89492159,275329,17184165,41.3609161,2.1297615
"879",89492360,14310130,790846,41.4399241,2.2221634
"880",89494089,607541,NA,NA,NA
"881",89494719,17035547,18800461,41.4381474,2.1520735
"882",89494917,1720824,24651074,41.3944588,2.1500232
"883",89495928,1932443,17980311,41.3799796,2.1593906
"884",89495943,2010966,5089700,41.3843583785221,2.17925476053392
"885",89496383,25896964,5493369,41.3466232,2.1043999
"886",89496482,18424906,27234323,41.4039815,2.1550552
"887",89497260,9611690,11991026,41.365067,2.1367382
"888",89497611,1944642,15327016,41.4492455,2.2089926
"889",89498501,29242296,13764309,41.3612243,2.1084381
"890",89498745,27450910,5416338,41.3720489037306,2.11861242459866
"891",89498846,29938544,15016013,41.3595264708709,2.09753036499023
"892",89499851,373778,24377127,41.3885109,2.1419362
"893",89500040,15637,13532031,41.3929799,2.1412162
"894",89500047,10433914,25603700,41.416073,2.1478519
"895",89500576,10271106,2783561,41.3849456,2.1669543
"896",89501545,29827500,5089937,41.3925366,2.1918844
"897",89501733,2541128,1412103,41.3878847,2.1536316
"898",89502825,8490840,2397363,41.3645428,2.0849556
"899",89503469,3388629,12242969,41.3722437,2.1653384
"900",89503482,747268,17214928,41.3658927,2.1007221
"901",89504074,1812330,28405973,41.3752779,2.1389
"902",89504376,29441524,28053000,41.3768790372309,2.17275847730534
"903",89504828,24152762,NA,NA,NA
"904",89505472,40604,27281404,41.3615604,2.0924269
"905",89505857,530137,7095949,41.3987901,2.2042966
"906",89506009,5129744,22237499,41.3594802,2.1049322
"907",89506306,29936060,7941709,41.4128502,2.1406623
"908",89507503,2654755,3100788,41.4015141185182,2.13968140589195
"909",89508146,29589357,11991099,41.4057007,2.1661731
"910",89508399,7452685,407110,41.3603071,2.1427361
"911",89452759,1562236,1623374,41.4241145,2.1858246
"912",89453348,29920238,27873163,41.386895,2.1796344
"913",89453532,29924288,20828739,41.39204,2.19634
"914",89453615,16350213,14979165,41.3957453,2.1493447
"915",89453738,775349,23801263,41.392852,2.1509854
"916",89454586,639491,19516067,41.3491865,2.1071307
"917",89455288,29925328,646249,41.3666422,2.1346829
"918",89455706,4256904,17211732,41.4023354,2.2105777
"919",89456079,18616471,1210766,41.4108432,2.2186824
"920",89456288,2287660,29264353,41.4140115,2.138104
"921",89457020,6335386,14595884,41.3883508,2.1240469
"922",89457382,8945070,22209005,41.390339,2.1760385
"923",89457447,495251,1496802,41.386107,2.1245971
"924",89457536,2014395,2329866,41.4106402,2.1760533
"925",89457693,8560564,12602673,41.3975389,2.1648304
"926",89457706,13262575,994782,41.3936435,2.1525648
"927",89458378,11644925,28764966,41.3988455,2.1543281
"928",89458526,811156,11746013,41.4069297,2.1714857
"929",89458825,11312704,28795066,41.4041265,2.1700336
"930",89458853,3864052,17402126,41.4237552,2.1915674
"931",89459334,26089224,9608687,41.3786593,2.1725237
"932",89460142,343761,NA,NA,NA
"933",89460343,693920,NA,NA,NA
"934",89460764,2424736,23071110,41.36668964374,2.13570863777896
"935",89461539,1064999,28757024,41.4002581,2.1865996
"936",89462298,18833947,NA,NA,NA
"937",89462478,1640929,22237499,41.3622404,2.0805968
"938",89465302,589636,NA,NA,NA
"939",89465779,1361831,14978982,41.3830337,2.0544197
"940",89466824,7185839,26791069,41.3607179,2.1417121
"941",89467465,23373484,NA,NA,NA
"942",89467700,1333186,20827660,41.4049226,2.1407469
"943",89468668,828287,20818622,41.450939,2.2444626
"944",89468688,3911769,9088058,41.3650734,2.0785768
"945",89468732,18348016,2489655,41.3826129,2.15025100000003
"946",89462086,7788704,2052737,41.3762688,2.0875263
"947",89469084,26309004,18774268,41.4082737,2.1504026
"948",89469203,744132,9088860,41.3852096,2.1406318
"949",89469424,29559494,22900709,41.3733618,2.1598935
"950",89470234,21317658,924025,41.3780343,2.1713507
"951",89471393,19540735,28399269,41.3815731,2.161764
"952",89471406,29926020,10798990,41.3967931,2.1459799
"953",89471646,23768857,28059514,41.3912864,2.1828153
"954",89471813,18779262,5818739,41.4260297,2.1575079
"955",89474438,413417,3482999,41.4027686,2.1356258
"956",89474792,23306377,28345796,41.394308,2.1480115
"957",89476831,281943,13033828,41.3965984,2.1335358
"958",89477075,29926458,NA,NA,NA
"959",89477226,23717319,10303677,41.4310948382072,2.16548413038254
"960",89479047,12896968,1694388,41.3730653,2.1613584
"961",89479338,16345830,6942095,41.3933329,2.1308122
"962",89479564,15927237,1126245,41.3987462,2.1507437
"963",89480082,8483936,27186270,41.4184457,2.2019824
"964",89480229,3034516,1854149,41.3849105,2.1672147
"965",89480525,613354,26740983,41.3817084,2.1603148
"966",89480850,237808,NA,NA,NA
"967",89481727,109281,NA,NA,NA
"968",89482267,1241152,17402134,41.399312,2.1832656
"969",89482800,6470087,NA,NA,NA
"970",89483253,1208495,NA,NA,NA
"971",89483527,5453970,1549370,41.4122687,2.1905784
"972",89483628,9638318,22567062,41.4478186044829,2.24432699382305
"973",89484453,11538861,5572323,41.3708517,2.1176946
"974",89484537,1780852,15060056,41.4505235,2.2245699
"975",89485127,722773,13819108,41.4168053,2.1907701
"976",89485919,736817,17553996,41.3638088,2.1172406
"977",89479874,1937330,4969729,41.4189015,2.1699515
"978",89487016,29933238,5493369,41.3706699,2.10367
"979",89487047,3808902,23855117,41.4004871,2.2024087
"980",89487290,1836580,23320023,41.395972,2.1277056
"981",89488395,23708245,4343809,41.4505851,2.2167029
"982",89488413,29806408,1067743,41.3731714,2.1665902
"983",89488866,725485,29440724,41.4093121,2.1726377
"984",89489959,738194,22536041,41.435356,2.2130298
"985",89490573,17081244,NA,NA,NA
"986",89492061,6394396,17211939,41.4023623,2.1780818
"987",89495440,4512276,17211719,41.3820031,2.1726236
"988",89495910,1070548,17211732,41.3940808,2.1487419
"989",89496607,607541,4503578,41.399251,2.1596635
"990",89496681,29172364,17787749,41.3793084,2.1525607
"991",89496992,4531892,18907018,41.407855181564,2.15691610942364
"992",89497264,3093643,1694333,41.3810234,2.136425
"993",89497284,3317454,1623396,41.3900705,2.162364
"994",89497912,13558345,26743635,41.396212,2.1553428
"995",89498382,297668,NA,NA,NA
"996",89499095,730994,9999096,41.3961052,2.1842848
"997",89499356,767030,8269988,41.3969409,2.1923995
"998",89499711,3890743,15241337,41.3741462,2.1458982
"999",89501682,29938623,9184151,41.3573594,2.0671198
"1000",89502513,4557817,29852125,41.4022357,2.2049533
