"","order_id","point_type","latitude","longitude"
"1",89380397,"PICKUP",41.4430169,2.1746613
"2",89380397,"DELIVERY",41.4400086,2.1875508
"3",89380400,"PICKUP",41.3476628,2.07891359999996
"4",89380400,"DELIVERY",41.3710931,2.0830931
"5",89381214,"PICKUP",41.3853874,2.1696303
"6",89381214,"DELIVERY",41.38177,2.16734
"7",89381548,"PICKUP",41.4106827,2.19327640000006
"8",89381548,"DELIVERY",41.4076391,2.2058219
"9",89382091,"PICKUP",41.4355168,2.18048870000007
"10",89382091,"DELIVERY",41.4278218666561,2.15948235243559
"11",89382790,"PICKUP",41.4036776,2.1573107
"12",89382790,"DELIVERY",41.4073052,2.1539341
"13",89383536,"PICKUP",41.3476628,2.07891359999996
"14",89383536,"DELIVERY",41.386686766716,2.04599037766457
"15",89384040,"PICKUP",41.3905401,2.14944719999994
"16",89384040,"DELIVERY",41.3817737,2.1413032
"17",89384041,"PICKUP",41.3791352,2.1759876
"18",89384041,"DELIVERY",41.3806989,2.1802603
"19",89384382,"PICKUP",41.4292182,2.21137850000002
"20",89384382,"DELIVERY",41.4253738,2.2020427
"21",89384614,"PICKUP",41.3587903,2.129576
"22",89384614,"DELIVERY",41.3745234,2.1471918
"23",89385697,"PICKUP",41.4555577,2.2274856
"24",89385697,"DELIVERY",41.4542383,2.2125659
"25",89385738,"PICKUP",41.3908091,2.13849370000003
"26",89385738,"DELIVERY",41.4065638,2.1273554
"27",89386387,"PICKUP",41.4099658,2.2166369
"28",89386387,"DELIVERY",41.4054171,2.2128399
"29",89386600,"PICKUP",41.4042072,2.13988689999996
"30",89386600,"DELIVERY",41.3714789,2.165104
"31",89386811,"PICKUP",41.3940186,2.1358618
"32",89386811,"DELIVERY",41.390253,2.1233767
"33",89387233,"PICKUP",41.3610574,2.10244940000007
"34",89387233,"DELIVERY",41.3837651,2.0607587
"35",89387237,"PICKUP",41.3702179,2.090199
"36",89387237,"DELIVERY",41.3678901,2.098115
"37",89387299,"PICKUP",41.392079,2.14453860000003
"38",89387299,"DELIVERY",41.399165,2.1439467
"39",89387541,"PICKUP",41.3929833,2.15029949999996
"40",89387541,"DELIVERY",41.4005692,2.1524974
"41",89387565,"PICKUP",41.3908091,2.13849370000003
"42",89387565,"DELIVERY",41.3724999,2.1409528
"43",89387653,"PICKUP",41.377187,2.09844659999999
"44",89387653,"DELIVERY",41.3701756,2.0984872
"45",89388174,"PICKUP",41.392079,2.14453860000003
"46",89388174,"DELIVERY",41.41619,2.135506
"47",89388194,"PICKUP",41.4399904,2.1977005
"48",89388194,"DELIVERY",41.4547736,2.2346029
"49",89388271,"PICKUP",41.3921326,2.14479819999997
"50",89388271,"DELIVERY",41.4003476,2.1464062
"51",89388443,"PICKUP",41.3579382,2.12893429999997
"52",89388443,"DELIVERY",41.3698792,2.1189624
"53",89388534,"PICKUP",41.3754567,2.127418
"54",89388534,"DELIVERY",41.3736338,2.1601736
"55",89388655,"DELIVERY",41.3886862,2.1368186
"56",89388655,"PICKUP",41.3921326,2.14479819999997
"57",89389048,"PICKUP",41.402483,2.13870120000001
"58",89389048,"DELIVERY",41.3711219,2.1658813
"59",89389282,"PICKUP",41.3649918,2.0878234
"60",89389282,"DELIVERY",41.3749371,2.1008015
"61",89389435,"PICKUP",41.4304785,2.17161099999998
"62",89389435,"DELIVERY",41.4193589,2.1509141
"63",89390464,"PICKUP",41.384757,2.1669944
"64",89390464,"DELIVERY",41.3899781,2.1501881
"65",89390571,"PICKUP",41.3870191,2.15482810000003
"66",89390571,"DELIVERY",41.394193,2.1439805
"67",89390610,"PICKUP",41.3727159,2.1429619
"68",89390610,"DELIVERY",41.3806706,2.175855
"69",89390889,"PICKUP",41.377187,2.09844659999999
"70",89390889,"DELIVERY",41.3779187966804,2.11400046944618
"71",89390899,"PICKUP",41.3649918,2.0878234
"72",89390899,"DELIVERY",41.3770136,2.1227984
"73",89390902,"PICKUP",41.3993015,2.1723253
"74",89390902,"DELIVERY",41.4033228,2.1771483
"75",89390904,"PICKUP",41.40139,2.1534707
"76",89390904,"DELIVERY",41.4239723,2.1477239
"77",89391083,"PICKUP",41.3993015,2.1723253
"78",89391083,"DELIVERY",41.4221912,2.1787023
"79",89391456,"PICKUP",41.3870191,2.15482810000003
"80",89391456,"DELIVERY",41.4155543,2.1473457
"81",89392784,"PICKUP",41.352655,2.0770532
"82",89392784,"DELIVERY",41.3533461,2.0734524
"83",89392791,"PICKUP",41.4007585,2.19973709999999
"84",89392791,"DELIVERY",41.395745,2.1998431
"85",89392907,"PICKUP",41.4430169,2.1746613
"86",89392907,"DELIVERY",41.4360014726001,2.21469730138779
"87",89393195,"PICKUP",41.4406424,2.19883490000007
"88",89393195,"DELIVERY",41.4523471,2.2042771
"89",89393404,"PICKUP",41.374782,2.1684911
"90",89393404,"DELIVERY",41.3773302,2.1676676
"91",89393754,"PICKUP",41.3881544,2.170278
"92",89393754,"DELIVERY",41.3892856,2.1794862
"93",89393872,"DELIVERY",41.4268814,2.2223721
"94",89393872,"PICKUP",41.4389314,2.2301397
"95",89394481,"PICKUP",41.4556763,2.22767969999995
"96",89394481,"DELIVERY",41.4544391,2.2157455
"97",89394728,"PICKUP",41.4402557,2.19779870000002
"98",89394728,"DELIVERY",41.4510656,2.2063879
"99",89394740,"PICKUP",41.3474593,2.07776790000003
"100",89394740,"DELIVERY",41.3594297,2.0818931
"101",89394923,"PICKUP",41.4048871,2.17458329999999
"102",89394923,"DELIVERY",41.4037424,2.1805636
"103",89395628,"PICKUP",41.398649,2.120025
"104",89395628,"DELIVERY",41.3726869,2.1300231
"105",89395779,"PICKUP",41.3928366,2.1694426
"106",89395779,"DELIVERY",41.4116808,2.1457595
"107",89395877,"PICKUP",41.3761912,2.13581959999999
"108",89395877,"DELIVERY",41.4059443,2.1528105
"109",89396460,"PICKUP",41.3993015,2.1723253
"110",89396460,"DELIVERY",41.4126986,2.1981793
"111",89396874,"PICKUP",41.4555577,2.2274856
"112",89396874,"DELIVERY",41.456688,2.2176873
"113",89396879,"PICKUP",41.4036776,2.1573107
"114",89396879,"DELIVERY",41.3989952,2.1587041
"115",89397066,"PICKUP",41.3905725,2.1543834
"116",89397066,"DELIVERY",41.4015691,2.1232571
"117",89397100,"PICKUP",41.3892102,2.15128
"118",89397100,"DELIVERY",41.3888115,2.1583017
"119",89397101,"PICKUP",41.4455436,2.22216359999993
"120",89397101,"DELIVERY",41.4552451201509,2.23463147878647
"121",89397368,"DELIVERY",41.4322424,2.1698206
"122",89397368,"PICKUP",41.4399904,2.1977005
"123",89397621,"PICKUP",41.3769697,2.09806920000005
"124",89397621,"DELIVERY",41.378893,2.085434
"125",89397951,"PICKUP",41.4430169,2.1746613
"126",89397951,"DELIVERY",41.4312057,2.166553
"127",89398045,"PICKUP",41.4556763,2.22767969999995
"128",89398045,"DELIVERY",41.4483346,2.2068462
"129",89398334,"PICKUP",41.3925968,2.165814
"130",89398334,"DELIVERY",41.3980639,2.1791256
"131",89398483,"PICKUP",41.3670127,2.13209110000003
"132",89398483,"DELIVERY",41.3858838,2.1085318
"133",89399481,"PICKUP",41.403863,2.1734701
"134",89399481,"DELIVERY",41.4140205,2.1775611
"135",89400629,"PICKUP",41.3802728,2.18882310000004
"136",89400629,"DELIVERY",41.3684809,2.1408653
"137",89400823,"PICKUP",41.401148,2.17927499999996
"138",89400823,"DELIVERY",41.3852380980471,2.18348745256662
"139",89401338,"PICKUP",41.3805245,2.1742704
"140",89401338,"DELIVERY",41.3852380980471,2.18348745256662
"141",89401584,"PICKUP",41.3818876,2.15306290000001
"142",89401584,"DELIVERY",41.3892767,2.1554421
"143",89402304,"PICKUP",41.4469567,2.25018990000001
"144",89402304,"DELIVERY",41.4441151,2.2436753
"145",89403463,"PICKUP",41.4005422,2.14912570000001
"146",89403463,"DELIVERY",41.4058614,2.1353269
"147",89404123,"PICKUP",41.4355168,2.18048870000007
"148",89404123,"DELIVERY",41.4269127,2.1512736
"149",89405073,"PICKUP",41.3905401,2.14944719999994
"150",89405073,"DELIVERY",41.4154909,2.1479817
"151",89406807,"PICKUP",41.3876881,2.16497070000003
"152",89406807,"DELIVERY",41.402458,2.1512978
"153",89406931,"DELIVERY",41.3995663,2.1199721
"154",89406931,"PICKUP",41.392079,2.14453860000003
"155",89408221,"PICKUP",41.3928366,2.1694426
"156",89408221,"DELIVERY",41.4028342,2.1771291
"157",89408557,"PICKUP",41.4355168,2.18048870000007
"158",89408557,"DELIVERY",41.4327116,2.1696238
"159",89408690,"PICKUP",41.3756815,2.11427090000007
"160",89408690,"DELIVERY",41.4082721047364,2.15044397860765
"161",89411179,"PICKUP",41.3993015,2.1723253
"162",89411179,"DELIVERY",41.4151059,2.1895974
"163",89413072,"PICKUP",41.3922721,2.14593620000005
"164",89413072,"DELIVERY",41.3991327,2.2036131
"165",89413275,"PICKUP",41.3871505,2.167468
"166",89413275,"DELIVERY",41.3840737,2.160307
"167",89413502,"DELIVERY",41.4548881,2.22368
"168",89413502,"PICKUP",41.4555577,2.2274856
"169",89413794,"PICKUP",41.402483,2.13870120000001
"170",89413794,"DELIVERY",41.3762743,2.1592606
"171",89413882,"PICKUP",41.398649,2.120025
"172",89413882,"DELIVERY",41.37609,2.11777
"173",89413979,"PICKUP",41.392079,2.14453860000003
"174",89413979,"DELIVERY",41.3862042,2.1407354
"175",89414372,"PICKUP",41.3892102,2.15128
"176",89414372,"DELIVERY",41.3894012,2.1561128
"177",89414565,"PICKUP",41.3922721,2.14593620000005
"178",89414565,"DELIVERY",41.4036469,2.1523082
"179",89414952,"PICKUP",41.373545,2.14512500000001
"180",89414952,"DELIVERY",41.363106,2.0791619
"181",89415467,"PICKUP",41.35292,2.10625000000005
"182",89415467,"DELIVERY",41.3541173,2.1139603
"183",89415721,"PICKUP",41.3835717,2.1541287
"184",89415721,"DELIVERY",41.3723405,2.1639647
"185",89416419,"PICKUP",41.3871562,2.1671718
"186",89416419,"DELIVERY",41.3756512,2.1313244
"187",89417554,"PICKUP",41.40139,2.1534707
"188",89417554,"DELIVERY",41.4089748,2.1541757
"189",89417694,"PICKUP",41.3993015,2.1723253
"190",89417694,"DELIVERY",41.40053,2.17162
"191",89417729,"PICKUP",41.40139,2.1534707
"192",89417729,"DELIVERY",41.404778,2.1594688
"193",89417793,"PICKUP",41.3769697,2.09806920000005
"194",89417793,"DELIVERY",41.3749427915591,2.10194259881973
"195",89420481,"DELIVERY",41.415927,2.1424417
"196",89420481,"PICKUP",41.396202,2.15724069999999
"197",89420764,"DELIVERY",41.3926467,2.1488421
"198",89420764,"PICKUP",41.3819567,2.17235489999996
"199",89421608,"PICKUP",41.407158,2.1736233
"200",89421608,"DELIVERY",41.3860406,2.1600013
"201",89421685,"PICKUP",41.3905401,2.14944719999994
"202",89421685,"DELIVERY",41.3876199,2.1556484
"203",89421887,"PICKUP",41.4048663,2.1920488
"204",89421887,"DELIVERY",41.3983553,2.1833685
"205",89422532,"PICKUP",41.375972,2.12024180000003
"206",89422532,"DELIVERY",41.3786841,2.1137179
"207",89422962,"PICKUP",41.35292,2.10625000000005
"208",89422962,"DELIVERY",41.3608637,2.1020979
"209",89423132,"PICKUP",41.4042043,2.17014610000001
"210",89423132,"DELIVERY",41.3855917,2.1672991
"211",89425646,"PICKUP",41.3921326,2.14479819999997
"212",89425646,"DELIVERY",41.3797289,2.1268647
"213",89426280,"PICKUP",41.4355168,2.18048870000007
"214",89426280,"DELIVERY",41.4436366,2.180412
"215",89427279,"DELIVERY",41.4265427,2.1550113
"216",89427279,"PICKUP",41.4355168,2.18048870000007
"217",89427394,"PICKUP",41.3867938,2.15669950000006
"218",89427394,"DELIVERY",41.4070744,2.1569867
"219",89427395,"PICKUP",41.35292,2.10625000000005
"220",89427395,"DELIVERY",41.360617,2.1011029
"221",89428173,"PICKUP",41.402483,2.13870120000001
"222",89428173,"DELIVERY",41.438241,2.1707232
"223",89428758,"PICKUP",41.3871696,2.1128994
"224",89428758,"DELIVERY",41.3775868,2.0854565
"225",89429755,"PICKUP",41.4043632,2.1560945
"226",89429755,"DELIVERY",41.42892,2.17185
"227",89431345,"PICKUP",41.3762956,2.1493551
"228",89431345,"DELIVERY",41.3864369812105,2.1578948199749
"229",89432565,"PICKUP",41.407158,2.1736233
"230",89432565,"DELIVERY",41.4033967,2.167641
"231",89432781,"PICKUP",41.4086611,2.1745222
"232",89432781,"DELIVERY",41.4126172,2.22013179999999
"233",89433590,"PICKUP",41.392079,2.14453860000003
"234",89433590,"DELIVERY",41.4032634,2.134245
"235",89435812,"PICKUP",41.4055831,2.1915773
"236",89435812,"DELIVERY",41.4263061,2.1568044
"237",89436018,"PICKUP",41.4270112,2.18582609999999
"238",89436018,"DELIVERY",41.4065391,2.2114959
"239",89436361,"PICKUP",41.3971541,2.1682035
"240",89436361,"DELIVERY",41.4332466,2.1866157
"241",89437441,"PICKUP",41.3878261,2.1650176
"242",89437441,"DELIVERY",41.382669,2.1757389
"243",89437482,"PICKUP",41.401122,2.180815
"244",89437482,"DELIVERY",41.4238404,2.1847108
"245",89438164,"PICKUP",41.3785897,2.139953
"246",89438164,"DELIVERY",41.375942,2.1360285
"247",89439187,"PICKUP",41.3690373,2.07991160000006
"248",89439187,"DELIVERY",41.3681045,2.0552986
"249",89439231,"PICKUP",41.3774737,2.1238035
"250",89439231,"DELIVERY",41.3844163,2.1396341
"251",89440401,"PICKUP",41.3572561,2.127786
"252",89440401,"DELIVERY",41.3609215,2.1472612
"253",89440519,"PICKUP",41.3908091,2.13849370000003
"254",89440519,"DELIVERY",41.3972401,2.1384644
"255",89442538,"PICKUP",41.3769697,2.09806920000005
"256",89442538,"DELIVERY",41.3751829,2.1017429
"257",89442938,"PICKUP",41.4077423,2.1746898
"258",89442938,"DELIVERY",41.4135045,2.1383975
"259",89443554,"PICKUP",41.4355168,2.18048870000007
"260",89443554,"DELIVERY",41.4417129,2.1776085
"261",89445949,"PICKUP",41.3929833,2.15029949999996
"262",89445949,"DELIVERY",41.4183194,2.1499885
"263",89447291,"PICKUP",41.3930015,2.1692207
"264",89447291,"DELIVERY",41.4181894,2.1706525
"265",89448993,"PICKUP",41.40139,2.1534707
"266",89448993,"DELIVERY",41.4098555,2.1476549
"267",89449040,"PICKUP",41.357563,2.0677515
"268",89449040,"DELIVERY",41.365961,2.052593
"269",89450466,"PICKUP",41.3933341,2.1882805
"270",89450466,"DELIVERY",41.3962621,2.1626294
"271",89450867,"PICKUP",41.4007937,2.15874250000002
"272",89450867,"DELIVERY",41.3986955,2.1597049
"273",89452102,"PICKUP",41.3806395,2.1746581
"274",89452102,"DELIVERY",41.3729243,2.1307987
"275",89452150,"PICKUP",41.3929833,2.15029949999996
"276",89452150,"DELIVERY",41.4033018,2.1476933
"277",89452782,"PICKUP",41.3930371,2.1306525
"278",89452782,"DELIVERY",41.3936435,2.1525648
"279",89453530,"PICKUP",41.4307917,2.16064660000006
"280",89453530,"DELIVERY",41.4427847,2.2332279
"281",89453560,"PICKUP",41.379537,2.0662392
"282",89453560,"DELIVERY",41.3690126,2.0729161
"283",89454719,"PICKUP",41.4301952,2.17379260000007
"284",89454719,"DELIVERY",41.425276,2.1838384
"285",89455886,"PICKUP",41.4555577,2.2274856
"286",89455886,"DELIVERY",41.4509135,2.2246083
"287",89455900,"PICKUP",41.3769697,2.09806920000005
"288",89455900,"DELIVERY",41.3684664,2.103623
"289",89457259,"PICKUP",41.3806395,2.1746581
"290",89457259,"DELIVERY",41.3863658,2.1746088
"291",89457401,"PICKUP",41.3579382,2.12893429999997
"292",89457401,"DELIVERY",41.3607179,2.1417121
"293",89458007,"PICKUP",41.3806395,2.1746581
"294",89458007,"DELIVERY",41.3861769,2.1548367
"295",89458146,"PICKUP",41.4055831,2.1915773
"296",89458146,"DELIVERY",41.4088749,2.1844629
"297",89458703,"PICKUP",41.3785897,2.139953
"298",89458703,"DELIVERY",41.3771508,2.1511781
"299",89458879,"PICKUP",41.40139,2.1534707
"300",89458879,"DELIVERY",41.4188719,2.1484278
"301",89459176,"PICKUP",41.402483,2.13870120000001
"302",89459176,"DELIVERY",41.3725097,2.1438781
"303",89459600,"PICKUP",41.4042043,2.17014610000001
"304",89459600,"DELIVERY",41.3924409,2.1559244
"305",89459742,"PICKUP",41.3579382,2.12893429999997
"306",89459742,"DELIVERY",41.3640531,2.1186504
"307",89460041,"PICKUP",41.3762956,2.1493551
"308",89460041,"DELIVERY",41.3806569,2.1681137
"309",89460713,"PICKUP",41.3929833,2.15029949999996
"310",89460713,"DELIVERY",41.4156304,2.1474584
"311",89460867,"PICKUP",41.3727159,2.1429619
"312",89460867,"DELIVERY",41.3761322,2.1540352
"313",89461005,"PICKUP",41.4292182,2.21137850000002
"314",89461005,"DELIVERY",41.4221955898979,2.21241943538189
"315",89461021,"PICKUP",41.35292,2.10625000000005
"316",89461021,"DELIVERY",41.3606374,2.1063417
"317",89461042,"PICKUP",41.3928366,2.1694426
"318",89461042,"DELIVERY",41.3839543,2.169605
"319",89461549,"PICKUP",41.4002288,2.17934620000005
"320",89461549,"DELIVERY",41.3997048,2.1647166
"321",89465083,"PICKUP",41.40139,2.1534707
"322",89465083,"DELIVERY",41.402019,2.162235
"323",89465319,"PICKUP",41.3690373,2.07991160000006
"324",89465319,"DELIVERY",41.3650733751483,2.07709964364767
"325",89465679,"PICKUP",41.3867938,2.15669950000006
"326",89465679,"DELIVERY",41.40724,2.2036212
"327",89466847,"PICKUP",41.4428965,2.2300312
"328",89466847,"DELIVERY",41.4447984,2.2183559
"329",89466946,"PICKUP",41.4028104,2.13607
"330",89466946,"DELIVERY",41.39084,2.14102
"331",89466955,"DELIVERY",41.4081707,2.1667431
"332",89466955,"PICKUP",41.3963329,2.15045359999999
"333",89467386,"PICKUP",41.3860521,2.176157
"334",89467386,"DELIVERY",41.3863553,2.1800474
"335",89467435,"PICKUP",41.4102807,2.18043109999996
"336",89467435,"DELIVERY",41.4099976,2.1559975
"337",89467597,"PICKUP",41.4069297,2.17148569999995
"338",89467597,"DELIVERY",41.4120926,2.1689867
"339",89467961,"PICKUP",41.4469567,2.25018990000001
"340",89467961,"DELIVERY",41.4550876,2.2502603
"341",89468284,"PICKUP",41.3769697,2.09806920000005
"342",89468284,"DELIVERY",41.3710503,2.1027226
"343",89468298,"PICKUP",41.3969823,2.14738850000003
"344",89468298,"DELIVERY",41.38424,2.102142
"345",89468532,"PICKUP",41.3835717,2.1541287
"346",89468532,"DELIVERY",41.3835412,2.1728029
"347",89469196,"PICKUP",41.4304785,2.17161099999998
"348",89469196,"DELIVERY",41.4171419,2.1586657
"349",89469465,"PICKUP",41.3874893,2.16784849999999
"350",89469465,"DELIVERY",41.3962334,2.1251937
"351",89470293,"PICKUP",41.3835717,2.1541287
"352",89470293,"DELIVERY",41.3862151,2.1594093
"353",89470654,"PICKUP",41.3905725,2.1543834
"354",89470654,"DELIVERY",41.3861833,2.1620704
"355",89470761,"DELIVERY",41.4144973,2.2007518
"356",89470761,"PICKUP",41.4270112,2.18582609999999
"357",89471030,"DELIVERY",41.4476958,2.2196393
"358",89471030,"PICKUP",41.4556763,2.22767969999995
"359",89471263,"PICKUP",41.3818876,2.15306290000001
"360",89471263,"DELIVERY",41.3913587,2.1549816
"361",89471804,"PICKUP",41.4076189,2.2053152
"362",89471804,"DELIVERY",41.4062085,2.2014249
"363",89472672,"PICKUP",41.4048663,2.1920488
"364",89472672,"DELIVERY",41.4087401,2.1853845
"365",89472677,"PICKUP",41.3874893,2.16784849999999
"366",89472677,"DELIVERY",41.3849189,2.17238529999997
"367",89472767,"PICKUP",41.3784784,2.1768806
"368",89472767,"DELIVERY",41.3809876,2.1745374
"369",89474330,"PICKUP",41.4048663,2.1920488
"370",89474330,"DELIVERY",41.4021082,2.2009777
"371",89474565,"PICKUP",41.4051434,2.1462623
"372",89474565,"DELIVERY",41.392744,2.1327299
"373",89474614,"PICKUP",41.3785897,2.139953
"374",89474614,"DELIVERY",41.3821857,2.1351072
"375",89475004,"PICKUP",41.4556763,2.22767969999995
"376",89475004,"DELIVERY",41.4317326,2.1924015
"377",89475330,"PICKUP",41.3878525,2.1453864
"378",89475330,"DELIVERY",41.3807693,2.1612342
"379",89475791,"PICKUP",41.4428965,2.2300312
"380",89475791,"DELIVERY",41.4460509,2.2206091
"381",89475866,"PICKUP",41.3945895,2.14740660000007
"382",89475866,"DELIVERY",41.3804789,2.1918409
"383",89480487,"PICKUP",41.407158,2.1736233
"384",89480487,"DELIVERY",41.4154942,2.1610452
"385",89480685,"PICKUP",41.4099658,2.2166369
"386",89480685,"DELIVERY",41.4006522,2.2062453
"387",89480969,"PICKUP",41.3864857,2.1622625
"388",89480969,"DELIVERY",41.3779946,2.1756422
"389",89481092,"PICKUP",41.3874893,2.16784849999999
"390",89481092,"DELIVERY",41.3962403,2.1752287
"391",89481112,"PICKUP",41.3785897,2.139953
"392",89481112,"DELIVERY",41.3722016,2.1479931
"393",89481936,"PICKUP",41.4054428,2.1906905
"394",89481936,"DELIVERY",41.4194771,2.1800471
"395",89482674,"PICKUP",41.40139,2.1534707
"396",89482674,"DELIVERY",41.4038921,2.1624652
"397",89482708,"PICKUP",41.3579382,2.12893429999997
"398",89482708,"DELIVERY",41.36013,2.13955
"399",89483474,"PICKUP",41.375972,2.12024180000003
"400",89483474,"DELIVERY",41.3826449,2.1281044
"401",89483786,"DELIVERY",41.3702177,2.0972076
"402",89483786,"PICKUP",41.3702179,2.090199
"403",89483981,"PICKUP",41.402483,2.13870120000001
"404",89483981,"DELIVERY",41.377061,2.1221067
"405",89483982,"PICKUP",41.4402557,2.19779870000002
"406",89483982,"DELIVERY",41.4470581,2.2144419
"407",89485277,"PICKUP",41.392079,2.14453860000003
"408",89485277,"DELIVERY",41.3976385,2.1286255
"409",89486447,"PICKUP",41.385715,2.16607399999998
"410",89486447,"DELIVERY",41.3998086,2.1643174
"411",89488028,"DELIVERY",41.4059176,2.17845599999998
"412",89488028,"PICKUP",41.4048871,2.17458329999999
"413",89488304,"PICKUP",41.3881544,2.170278
"414",89488304,"DELIVERY",41.3872379,2.1749876
"415",89488781,"PICKUP",41.4478129,2.24025329999995
"416",89488781,"DELIVERY",41.45068,2.2296299
"417",89489430,"PICKUP",41.4355168,2.18048870000007
"418",89489430,"DELIVERY",41.4264211,2.1676835
"419",89490940,"PICKUP",41.388358,2.14068939999993
"420",89490940,"DELIVERY",41.3722766,2.1283619
"421",89491747,"PICKUP",41.392079,2.14453860000003
"422",89491747,"DELIVERY",41.3906137,2.1258144
"423",89492008,"PICKUP",41.35292,2.10625000000005
"424",89492008,"DELIVERY",41.3608104,2.1063925
"425",89492025,"PICKUP",41.392079,2.14453860000003
"426",89492025,"DELIVERY",41.3940808,2.1487419
"427",89492662,"PICKUP",41.4428965,2.2300312
"428",89492662,"DELIVERY",41.44053,2.22119
"429",89493082,"PICKUP",41.4048663,2.1920488
"430",89493082,"DELIVERY",41.3964028,2.1842325
"431",89493291,"DELIVERY",41.3524699,2.14143
"432",89493291,"PICKUP",41.3572561,2.127786
"433",89493315,"PICKUP",41.4406424,2.19883490000007
"434",89493315,"DELIVERY",41.4315762,2.1757656
"435",89493528,"PICKUP",41.4043632,2.1560945
"436",89493528,"DELIVERY",41.4103812,2.1711999
"437",89493640,"PICKUP",41.4096142,2.2158381
"438",89493640,"DELIVERY",41.4353912,2.2204587
"439",89493823,"PICKUP",41.3752673,2.0865778
"440",89493823,"DELIVERY",41.3733116,2.0681721
"441",89494099,"PICKUP",41.4406424,2.19883490000007
"442",89494099,"DELIVERY",41.4485323186827,2.18289569020271
"443",89495622,"PICKUP",41.4014883,2.21074709999994
"444",89495622,"DELIVERY",41.3906601,2.1557299
"445",89496454,"PICKUP",41.3579382,2.12893429999997
"446",89496454,"DELIVERY",41.35196,2.1421199
"447",89497134,"PICKUP",41.413492,2.13800600000002
"448",89497134,"DELIVERY",41.4224195,2.1487558
"449",89497412,"PICKUP",41.4292182,2.21137850000002
"450",89497412,"DELIVERY",41.4322136,2.1835989
"451",89498128,"PICKUP",41.375972,2.12024180000003
"452",89498128,"DELIVERY",41.3600372,2.1265053
"453",89498293,"PICKUP",41.373545,2.14512500000001
"454",89498293,"DELIVERY",41.3808629,2.1641373
"455",89498651,"PICKUP",41.4076189,2.2053152
"456",89498651,"DELIVERY",41.3862537,2.1816459
"457",89498997,"PICKUP",41.3951116,2.16823109999996
"458",89498997,"DELIVERY",41.3932205,2.1704492
"459",89499332,"PICKUP",41.4064961,2.18606499999999
"460",89499332,"DELIVERY",41.4084235,2.1883568
"461",89499791,"DELIVERY",41.4446059,2.2216611
"462",89499791,"PICKUP",41.4428965,2.2300312
"463",89501190,"PICKUP",41.3853874,2.1696303
"464",89501190,"DELIVERY",41.380912,2.1628886
"465",89501268,"PICKUP",41.3878525,2.1453864
"466",89501268,"DELIVERY",41.4299794,2.1600307
"467",89503153,"PICKUP",41.3797758,2.179596
"468",89503153,"DELIVERY",41.3797732,2.1727167
"469",89503626,"PICKUP",41.3835717,2.1541287
"470",89503626,"DELIVERY",41.3821114,2.1802295
"471",89504827,"PICKUP",41.384542,2.15104440000005
"472",89504827,"DELIVERY",41.3928675,2.1234815
"473",89506700,"PICKUP",41.4167363,2.19117970000002
"474",89506700,"DELIVERY",41.4109621,2.218664
"475",89507656,"PICKUP",41.3928366,2.1694426
"476",89507656,"DELIVERY",41.396457,2.1443052
"477",89509024,"PICKUP",41.3905744,2.1625085
"478",89509024,"DELIVERY",41.3807311,2.1721099
"479",89514077,"PICKUP",41.3794648,2.1318094
"480",89514077,"DELIVERY",41.3895158,2.1522994
"481",89514517,"PICKUP",41.3905744,2.1625085
"482",89514517,"DELIVERY",41.3944427,2.165065
"483",89514537,"PICKUP",41.3760233,2.12374599999998
"484",89514537,"DELIVERY",41.3822923,2.1376013
"485",89514743,"PICKUP",41.3760233,2.12374599999998
"486",89514743,"DELIVERY",41.3835187,2.1374603
"487",89518134,"PICKUP",41.3871505,2.167468
"488",89518134,"DELIVERY",41.402458,2.1512978
"489",89518684,"PICKUP",41.3881544,2.170278
"490",89518684,"DELIVERY",41.4028934,2.1635783
"491",89520045,"PICKUP",41.352655,2.0770532
"492",89520045,"DELIVERY",41.3466232,2.1043999
"493",89524422,"PICKUP",41.3610315,2.1352773
"494",89524422,"DELIVERY",41.3770692,2.1432508
"495",89524635,"PICKUP",41.373545,2.14512500000001
"496",89524635,"DELIVERY",41.3875962,2.1532548
"497",89529264,"PICKUP",41.4049627,2.13949909999997
"498",89529264,"DELIVERY",41.4094995,2.1606912
"499",89530123,"DELIVERY",41.4069844,2.2132016
"500",89530123,"PICKUP",41.3924595,2.2035095
"501",89533053,"PICKUP",41.3785897,2.139953
"502",89533053,"DELIVERY",41.38793,2.1568061
"503",89533250,"PICKUP",41.375972,2.12024180000003
"504",89533250,"DELIVERY",41.3626448,2.1119685
"505",89540694,"PICKUP",41.3971541,2.1682035
"506",89540694,"DELIVERY",41.4061008,2.1358467
"507",89541134,"PICKUP",41.3971541,2.1682035
"508",89541134,"DELIVERY",41.4115437,2.1252896
"509",89545038,"PICKUP",41.3918694,2.16792529999998
"510",89545038,"DELIVERY",41.3897983,2.1298979
"511",89549887,"PICKUP",41.3923268,2.1588212
"512",89549887,"DELIVERY",41.3719501,2.1100827
"513",89551359,"PICKUP",41.424101,2.18776539999999
"514",89551359,"DELIVERY",41.4010722,2.1980445
"515",89552580,"PICKUP",41.3822857,2.1701773
"516",89552580,"DELIVERY",41.3901811,2.1786344
"517",89557619,"DELIVERY",41.3973578,2.1885515
"518",89557619,"PICKUP",41.39106,2.17370540000002
"519",89558671,"PICKUP",41.3993015,2.1723253
"520",89558671,"DELIVERY",41.3973616,2.1636772
"521",89380069,"PICKUP",41.3819567,2.17235489999996
"522",89380069,"DELIVERY",41.389549,2.1565742
"523",89380142,"PICKUP",41.3892102,2.15128
"524",89380142,"DELIVERY",41.3842517,2.1554995
"525",89380289,"PICKUP",41.4048663,2.1920488
"526",89380289,"DELIVERY",41.3960442,2.2002398
"527",89380528,"PICKUP",41.4355168,2.18048870000007
"528",89380528,"DELIVERY",41.43461,2.17864
"529",89380735,"PICKUP",41.443268,2.23019399999998
"530",89380735,"DELIVERY",41.4492071,2.2158079
"531",89380887,"PICKUP",41.35292,2.10625000000005
"532",89380887,"DELIVERY",41.3593439,2.097235
"533",89381008,"PICKUP",41.4106827,2.1932764
"534",89381008,"DELIVERY",41.4025344,2.1931504
"535",89381353,"PICKUP",41.4042072,2.13988689999996
"536",89381353,"DELIVERY",41.4288659,2.160314
"537",89381407,"PICKUP",41.4355168,2.18048870000007
"538",89381407,"DELIVERY",41.4385023,2.1676845
"539",89382743,"PICKUP",41.3878525,2.1453864
"540",89382743,"DELIVERY",41.3741739,2.1633869
"541",89384022,"PICKUP",41.3785897,2.139953
"542",89384022,"DELIVERY",41.37341,2.1452095
"543",89384129,"PICKUP",41.40139,2.1534707
"544",89384129,"DELIVERY",41.3998583,2.1491299
"545",89384338,"PICKUP",41.4143471,2.18724339999994
"546",89384338,"DELIVERY",41.4180283615831,2.1974503621459
"547",89384411,"PICKUP",41.3933341,2.1882805
"548",89384411,"DELIVERY",41.4083977,2.2033979
"549",89384558,"PICKUP",41.4099658,2.2166369
"550",89384558,"DELIVERY",41.40053,2.20622
"551",89385226,"PICKUP",41.4054993,2.1746571
"552",89385226,"DELIVERY",41.4096855590633,2.15811643749475
"553",89385328,"PICKUP",41.4048871,2.17458329999999
"554",89385328,"DELIVERY",41.3977742,2.1758238
"555",89385977,"PICKUP",41.3971541,2.1682035
"556",89385977,"DELIVERY",41.3885826,2.181239
"557",89386013,"PICKUP",41.4292182,2.21137850000002
"558",89386013,"DELIVERY",41.4265678,2.2077692
"559",89386015,"PICKUP",41.398649,2.12002499999994
"560",89386015,"DELIVERY",41.3959016,2.1254482
"561",89386504,"PICKUP",41.379537,2.0662392
"562",89386504,"DELIVERY",41.38275,2.08181000000002
"563",89387127,"PICKUP",41.4035194,2.17605409999999
"564",89387127,"DELIVERY",41.4066919,2.1772421
"565",89387136,"PICKUP",41.3769697,2.09806920000005
"566",89387136,"DELIVERY",41.3742673,2.1058508
"567",89387881,"PICKUP",41.3930015,2.1692207
"568",89387881,"DELIVERY",41.4261786,2.1583971
"569",89387970,"DELIVERY",41.3742716,2.1742207
"570",89387970,"PICKUP",41.374782,2.1684911
"571",89388441,"PICKUP",41.4013639,2.16900970000006
"572",89388441,"DELIVERY",41.3767058,2.1519914
"573",89389467,"PICKUP",41.4036776,2.1573107
"574",89389467,"DELIVERY",41.4065031,2.1629642
"575",89389542,"PICKUP",41.4292182,2.21137850000002
"576",89389542,"DELIVERY",41.4364442,2.2178996
"577",89389975,"PICKUP",41.3993015,2.1723253
"578",89389975,"DELIVERY",41.391622,2.1784729
"579",89390604,"PICKUP",41.4019844,2.17033400000003
"580",89390604,"DELIVERY",41.4134681143292,2.16968916356564
"581",89390777,"PICKUP",41.4007585,2.19973709999999
"582",89390777,"DELIVERY",41.3973578,2.1885515
"583",89390943,"PICKUP",41.403863,2.1734701
"584",89390943,"DELIVERY",41.4075109,2.1667045
"585",89391618,"PICKUP",41.3747927,2.16642720000004
"586",89391618,"DELIVERY",41.3818156,2.1603653
"587",89392537,"PICKUP",41.4418397,2.235102
"588",89392537,"DELIVERY",41.4403829,2.229818
"589",89392847,"PICKUP",41.3930015,2.1692207
"590",89392847,"DELIVERY",41.3863863,2.1553852
"591",89392935,"DELIVERY",41.3734954,2.1465679
"592",89392935,"PICKUP",41.3785897,2.139953
"593",89393136,"PICKUP",41.384757,2.1669944
"594",89393136,"DELIVERY",41.3779772,2.1679491
"595",89394492,"PICKUP",41.3905401,2.14944719999994
"596",89394492,"DELIVERY",41.3938261,2.1457831
"597",89394498,"PICKUP",41.3895655,2.12421829999994
"598",89394498,"DELIVERY",41.3951425,2.1260182
"599",89394944,"PICKUP",41.40139,2.1534707
"600",89394944,"DELIVERY",41.4041366,2.1544787
"601",89395577,"PICKUP",41.3893491,2.13443689999997
"602",89395577,"DELIVERY",41.4154909,2.1479817
"603",89395965,"PICKUP",41.3769726,2.12514899999996
"604",89395965,"DELIVERY",41.3884549,2.1454794
"605",89396062,"PICKUP",41.4480251,2.2436179
"606",89396062,"DELIVERY",41.4325016,2.2159082
"607",89396168,"PICKUP",41.3933341,2.1882805
"608",89396168,"DELIVERY",41.4030459,2.2006738
"609",89396889,"PICKUP",41.3862233,2.1497557
"610",89396889,"DELIVERY",41.4053374,2.1640287
"611",89396988,"PICKUP",41.3577397,2.0667074
"612",89396988,"DELIVERY",41.3807804,2.0412875
"613",89397633,"PICKUP",41.3785897,2.139953
"614",89397633,"DELIVERY",41.3735203,2.1394421
"615",89397749,"DELIVERY",41.4368216,2.243802
"616",89397749,"PICKUP",41.4478129,2.24025329999995
"617",89397969,"PICKUP",41.3785897,2.139953
"618",89397969,"DELIVERY",41.3842235,2.131203
"619",89398027,"PICKUP",41.4007585,2.19973709999999
"620",89398027,"DELIVERY",41.3986882,2.197828
"621",89398116,"PICKUP",41.3835717,2.1541287
"622",89398116,"DELIVERY",41.3857405,2.1783502
"623",89398212,"PICKUP",41.384757,2.1669944
"624",89398212,"DELIVERY",41.3988651,2.1836315
"625",89398342,"PICKUP",41.40139,2.1534707
"626",89398342,"DELIVERY",41.4009278,2.1536764
"627",89398369,"PICKUP",41.4105983,2.13701449999996
"628",89398369,"DELIVERY",41.41196,2.12198
"629",89398600,"PICKUP",41.3932828,2.14852050000002
"630",89398600,"DELIVERY",41.4083266,2.17611510000006
"631",89398690,"PICKUP",41.3908091,2.13849370000003
"632",89398690,"DELIVERY",41.383465,2.1390179
"633",89399770,"PICKUP",41.3928366,2.1694426
"634",89399770,"DELIVERY",41.383014,2.1643298
"635",89399782,"PICKUP",41.35292,2.10625000000005
"636",89399782,"DELIVERY",41.3486875,2.1076259
"637",89399996,"PICKUP",41.4469567,2.25018990000001
"638",89399996,"DELIVERY",41.45647,2.25064
"639",89400747,"PICKUP",41.4412491,2.19763190000003
"640",89400747,"DELIVERY",41.4420862,2.1764111
"641",89400881,"PICKUP",41.35292,2.10625000000005
"642",89400881,"DELIVERY",41.3540422,2.1134449
"643",89401234,"PICKUP",41.3892102,2.15128
"644",89401234,"DELIVERY",41.3897952,2.1535305
"645",89403180,"PICKUP",41.4106827,2.1932764
"646",89403180,"DELIVERY",41.4134713,2.1833493
"647",89403572,"PICKUP",41.4355168,2.18048870000007
"648",89403572,"DELIVERY",41.4319554,2.1746888
"649",89403635,"DELIVERY",41.369941,2.123391
"650",89403635,"PICKUP",41.375972,2.12024180000003
"651",89403839,"PICKUP",41.401148,2.17927499999996
"652",89403839,"DELIVERY",41.397776,2.1852961
"653",89404100,"PICKUP",41.3572561,2.127786
"654",89404100,"DELIVERY",41.3531564,2.1179553
"655",89404343,"PICKUP",41.3876881,2.16497070000003
"656",89404343,"DELIVERY",41.3921902,2.1690672
"657",89404365,"PICKUP",41.357563,2.0677515
"658",89404365,"DELIVERY",41.3546386,2.0668644
"659",89404537,"PICKUP",41.377187,2.09844659999999
"660",89404537,"DELIVERY",41.3634957,2.1040272
"661",89405269,"PICKUP",41.40139,2.1534707
"662",89405269,"DELIVERY",41.4086049,2.1502237
"663",89405623,"PICKUP",41.3963031,2.1842894
"664",89405623,"DELIVERY",41.4146323,2.185831
"665",89406827,"PICKUP",41.3754567,2.127418
"666",89406827,"DELIVERY",41.3752388,2.0860868
"667",89407203,"PICKUP",41.3785897,2.139953
"668",89407203,"DELIVERY",41.3691507,2.138311
"669",89407316,"PICKUP",41.3871505,2.167468
"670",89407316,"DELIVERY",41.3814133,2.1592498
"671",89407449,"DELIVERY",41.4017569,2.181356
"672",89407449,"PICKUP",41.4042043,2.17014610000001
"673",89407641,"PICKUP",41.3835717,2.1541287
"674",89407641,"DELIVERY",41.3734458,2.1653433
"675",89408110,"PICKUP",41.4054993,2.1746571
"676",89408110,"DELIVERY",41.3772968,2.1606422
"677",89408865,"PICKUP",41.3702179,2.090199
"678",89408865,"DELIVERY",41.3759392,2.0849978
"679",89409438,"PICKUP",41.4355168,2.18048870000007
"680",89409438,"DELIVERY",41.4423299,2.1848733
"681",89409498,"PICKUP",41.4396327,2.19805080000003
"682",89409498,"DELIVERY",41.4217955,2.1969637
"683",89409677,"PICKUP",41.4099658,2.2166369
"684",89409677,"DELIVERY",41.4168698,2.207069
"685",89410232,"PICKUP",41.4040284,2.1734993
"686",89410232,"DELIVERY",41.3964363,2.1519844
"687",89411097,"PICKUP",41.3880267,2.17255709999995
"688",89411097,"DELIVERY",41.4002499,2.1999117
"689",89411496,"PICKUP",41.4098864,2.21582639999997
"690",89411496,"DELIVERY",41.4090772,2.1922303
"691",89411731,"PICKUP",41.3737735,2.16899130000002
"692",89411731,"DELIVERY",41.4010424,2.1642844
"693",89411819,"PICKUP",41.4010151,2.15954179999994
"694",89411819,"DELIVERY",41.4003471,2.164227
"695",89413730,"DELIVERY",41.4032949,2.1470183
"696",89413730,"PICKUP",41.4029744,2.15247820000002
"697",89414095,"PICKUP",41.4393693,2.19762500000002
"698",89414095,"DELIVERY",41.44438,2.22023
"699",89414490,"PICKUP",41.396202,2.15724069999999
"700",89414490,"DELIVERY",41.3909392,2.1533507
"701",89414754,"PICKUP",41.4042043,2.17014610000001
"702",89414754,"DELIVERY",41.3846617,2.1699193
"703",89414862,"PICKUP",41.392079,2.14453860000003
"704",89414862,"DELIVERY",41.401478,2.1369985
"705",89415189,"PICKUP",41.352655,2.0770532
"706",89415189,"DELIVERY",41.3547351131235,2.0723957195878
"707",89415751,"PICKUP",41.3918996,2.165823
"708",89415751,"DELIVERY",41.3945101,2.1713559
"709",89415782,"PICKUP",41.40139,2.1534707
"710",89415782,"DELIVERY",41.4072916457517,2.15912830084562
"711",89416946,"PICKUP",41.3928366,2.1694426
"712",89416946,"DELIVERY",41.378362,2.1906955
"713",89417006,"PICKUP",41.3878525,2.1453864
"714",89417006,"DELIVERY",41.4307616,2.1545987
"715",89417113,"PICKUP",41.4048871,2.17458329999999
"716",89417113,"DELIVERY",41.4087121,2.1803977
"717",89418086,"PICKUP",41.4054993,2.1746571
"718",89418086,"DELIVERY",41.4079795,2.1638404
"719",89418821,"PICKUP",41.3892102,2.15128
"720",89418821,"DELIVERY",41.3903834,2.1495903
"721",89419283,"PICKUP",41.4042043,2.17014610000001
"722",89419283,"DELIVERY",41.4092778,2.1615126
"723",89420125,"PICKUP",41.3630154,2.1112176
"724",89420125,"DELIVERY",41.3806686,2.1593339
"725",89420280,"PICKUP",41.3752,2.18287
"726",89420280,"DELIVERY",41.3916874,2.1382705
"727",89420703,"PICKUP",41.3737735,2.16899130000002
"728",89420703,"DELIVERY",41.4141852,2.1469396
"729",89421097,"DELIVERY",41.4064927,2.1573949
"730",89421097,"PICKUP",41.40139,2.1534707
"731",89421259,"PICKUP",41.3819567,2.17235489999996
"732",89421259,"DELIVERY",41.4337308,2.149652
"733",89421329,"PICKUP",41.3924595,2.2035095
"734",89421329,"DELIVERY",41.3961886,2.1936266
"735",89421350,"PICKUP",41.3905401,2.14944719999994
"736",89421350,"DELIVERY",41.3832414,2.1685298
"737",89421408,"PICKUP",41.3577397,2.06670740000004
"738",89421408,"DELIVERY",41.37676,2.04114
"739",89421541,"PICKUP",41.3747798,2.16903769999999
"740",89421541,"DELIVERY",41.3752604,2.1601241
"741",89421840,"PICKUP",41.4304394,2.17964940000002
"742",89421840,"DELIVERY",41.3951366,2.1804907
"743",89422184,"PICKUP",41.403863,2.1734701
"744",89422184,"DELIVERY",41.4047979,2.1803698
"745",89422449,"DELIVERY",41.3797062,2.1899927
"746",89422449,"PICKUP",41.3805245,2.1742704
"747",89422730,"PICKUP",41.4048871,2.17458329999999
"748",89422730,"DELIVERY",41.4039512,2.1671502
"749",89424278,"PICKUP",41.3819567,2.17235489999996
"750",89424278,"DELIVERY",41.3915007,2.1703724
"751",89425311,"PICKUP",41.40139,2.1534707
"752",89425311,"DELIVERY",41.4029485,2.1566122
"753",89425680,"PICKUP",41.4355168,2.18048870000007
"754",89425680,"DELIVERY",41.4468651,2.1746293
"755",89425992,"PICKUP",41.3915173,2.1502529
"756",89425992,"DELIVERY",41.4250365,2.1894207
"757",89426324,"PICKUP",41.373545,2.14512500000001
"758",89426324,"DELIVERY",41.4203473,2.1556821
"759",89426600,"PICKUP",41.4048663,2.1920488
"760",89426600,"DELIVERY",41.4164666,2.1996411
"761",89426736,"PICKUP",41.3818876,2.15306290000001
"762",89426736,"DELIVERY",41.3845598,2.1566317
"763",89427643,"PICKUP",41.3835717,2.1541287
"764",89427643,"DELIVERY",41.3667751,2.1321649
"765",89427859,"PICKUP",41.3835717,2.1541287
"766",89427859,"DELIVERY",41.3793521,2.1716399
"767",89428135,"DELIVERY",41.4127411,2.1713
"768",89428135,"PICKUP",41.4048663,2.1920488
"769",89430088,"PICKUP",41.3837027,2.17734629999995
"770",89430088,"DELIVERY",41.3786969,2.1903803
"771",89431314,"PICKUP",41.3963031,2.1842894
"772",89431314,"DELIVERY",41.406615,2.170326
"773",89432140,"PICKUP",41.3818876,2.15306290000001
"774",89432140,"DELIVERY",41.3868853,2.1598938
"775",89432441,"PICKUP",41.4054993,2.1746571
"776",89432441,"DELIVERY",41.4047243774652,2.16798964887857
"777",89433031,"PICKUP",41.3767516,2.1903556
"778",89433031,"DELIVERY",41.3789021,2.161026
"779",89433540,"PICKUP",41.4469567,2.25018990000001
"780",89433540,"DELIVERY",41.4569596,2.257638
"781",89433774,"PICKUP",41.396202,2.15724069999999
"782",89433774,"DELIVERY",41.4211188,2.1495446
"783",89433939,"PICKUP",41.3928366,2.1694426
"784",89433939,"DELIVERY",41.3836262,2.1626188
"785",89434277,"PICKUP",41.396242,2.17419640000003
"786",89434277,"DELIVERY",41.4222086,2.1809542
"787",89434491,"PICKUP",41.4430169,2.1746613
"788",89434491,"DELIVERY",41.4221323,2.1552502
"789",89434972,"PICKUP",41.40139,2.1534707
"790",89434972,"DELIVERY",41.4126358352872,2.15943943709135
"791",89434986,"PICKUP",41.3876951,2.16237130000002
"792",89434986,"DELIVERY",41.3911782,2.1666738
"793",89435247,"PICKUP",41.3577397,2.06670740000004
"794",89435247,"DELIVERY",41.3651349,2.0836383
"795",89436164,"PICKUP",41.3905401,2.14944719999994
"796",89436164,"DELIVERY",41.382586,2.1470771
"797",89436297,"DELIVERY",41.4242537,2.1533763
"798",89436297,"PICKUP",41.43114,2.1603178
"799",89436432,"PICKUP",41.4022999,2.1742
"800",89436432,"DELIVERY",41.4054422,2.1942962
"801",89437036,"PICKUP",41.3910265,2.1579234
"802",89437036,"DELIVERY",41.3901546,2.1617873
"803",89437075,"PICKUP",41.3908091,2.13849370000003
"804",89437075,"DELIVERY",41.3989314,2.1207625
"805",89437186,"PICKUP",41.4036776,2.1573107
"806",89437186,"DELIVERY",41.3998583,2.1491299
"807",89438259,"PICKUP",41.3933341,2.1882805
"808",89438259,"DELIVERY",41.3878344,2.1760979
"809",89438385,"PICKUP",41.3835717,2.1541287
"810",89438385,"DELIVERY",41.3837392,2.1733562
"811",89441019,"PICKUP",41.4428965,2.2300312
"812",89441019,"DELIVERY",41.4410483,2.2240037
"813",89441298,"PICKUP",41.4214098,2.17485680000004
"814",89441298,"DELIVERY",41.4080777,2.1728293
"815",89441696,"PICKUP",41.4270112,2.18582609999999
"816",89441696,"DELIVERY",41.4215422,2.188687
"817",89441838,"PICKUP",41.374782,2.1684911
"818",89441838,"DELIVERY",41.3714128,2.1614819
"819",89442419,"PICKUP",41.3702179,2.090199
"820",89442419,"DELIVERY",41.3764201,2.0874482
"821",89442572,"PICKUP",41.4042043,2.17014610000001
"822",89442572,"DELIVERY",41.4094426512925,2.18268346041441
"823",89442636,"PICKUP",41.3881544,2.170278
"824",89442636,"DELIVERY",41.3943992079933,2.18096047639847
"825",89442942,"PICKUP",41.3921326,2.14479819999997
"826",89442942,"DELIVERY",41.4117508,2.1380938
"827",89443240,"PICKUP",41.40139,2.1534707
"828",89443240,"DELIVERY",41.4025096,2.1437011
"829",89443242,"PICKUP",41.3818876,2.15306290000001
"830",89443242,"DELIVERY",41.3871405,2.1512201
"831",89443744,"PICKUP",41.3805245,2.1742704
"832",89443744,"DELIVERY",41.3830695,2.1820683
"833",89444253,"PICKUP",41.4355168,2.18048870000007
"834",89444253,"DELIVERY",41.4214088,2.1812758
"835",89445426,"PICKUP",41.3921326,2.14479819999997
"836",89445426,"DELIVERY",41.3916641,2.1268409
"837",89447242,"PICKUP",41.3791352,2.1759876
"838",89447242,"DELIVERY",41.3790361,2.1695279
"839",89447244,"PICKUP",41.4406424,2.19883490000007
"840",89447244,"DELIVERY",41.439683,2.1911885
"841",89447682,"PICKUP",41.4048663,2.1920488
"842",89447682,"DELIVERY",41.4176806,2.1967721
"843",89448093,"PICKUP",41.3853874,2.1696303
"844",89448093,"DELIVERY",41.3859435,2.1744799
"845",89448573,"PICKUP",41.4007937,2.15874250000002
"846",89448573,"DELIVERY",41.3870894,2.1373582
"847",89450308,"PICKUP",41.407158,2.1736233
"848",89450308,"DELIVERY",41.4385457,2.1684112
"849",89450417,"PICKUP",41.3577397,2.06670740000004
"850",89450417,"DELIVERY",41.3573189,2.0767185
"851",89452422,"PICKUP",41.381582,2.1747126
"852",89452422,"DELIVERY",41.3801028,2.1686559
"853",89452614,"PICKUP",41.396202,2.15724069999999
"854",89452614,"DELIVERY",41.4221161,2.1607967
"855",89452662,"PICKUP",41.3893076,2.16313119999995
"856",89452662,"DELIVERY",41.401132,2.1844245
"857",89453458,"PICKUP",41.3993015,2.1723253
"858",89453458,"DELIVERY",41.4141949,2.177306
"859",89453797,"PICKUP",41.3993015,2.1723253
"860",89453797,"DELIVERY",41.4061347,2.1604829
"861",89454652,"PICKUP",41.3702179,2.090199
"862",89454652,"DELIVERY",41.3751858,2.0787075
"863",89454888,"PICKUP",41.3952875,2.1711166
"864",89454888,"DELIVERY",41.4046712,2.1963044
"865",89454921,"PICKUP",41.4428965,2.2300312
"866",89454921,"DELIVERY",41.4436028,2.218891
"867",89455844,"PICKUP",41.4077358,2.1478343
"868",89455844,"DELIVERY",41.4077419,2.1892016
"869",89456392,"PICKUP",41.3963031,2.1842894
"870",89456392,"DELIVERY",41.3863176,2.1728426
"871",89456998,"PICKUP",41.4035194,2.17605409999999
"872",89456998,"DELIVERY",41.4089993,2.1886488
"873",89457051,"DELIVERY",41.4454414,2.182884
"874",89457051,"PICKUP",41.4442228,2.18196779999994
"875",89457237,"DELIVERY",41.3961886,2.1936266
"876",89457237,"PICKUP",41.3924595,2.2035095
"877",89458197,"PICKUP",41.352655,2.0770532
"878",89458197,"DELIVERY",41.3508466,2.0742368
"879",89458396,"PICKUP",41.3933605,2.13562139999999
"880",89458396,"DELIVERY",41.3758088,2.136814
"881",89462960,"PICKUP",41.4036122,2.19671010000002
"882",89462960,"DELIVERY",41.4061316,2.2016042
"883",89463420,"PICKUP",41.3905614,2.1566464
"884",89463420,"DELIVERY",41.3939247,2.1399492
"885",89463532,"PICKUP",41.4043632,2.1560945
"886",89463532,"DELIVERY",41.3992339203793,2.16476932168007
"887",89464772,"PICKUP",41.3572561,2.127786
"888",89464772,"DELIVERY",41.3636743,2.119314
"889",89465056,"PICKUP",41.4115418,2.1931599
"890",89465056,"DELIVERY",41.4057865,2.1833685
"891",89465997,"DELIVERY",41.3765562,2.1378
"892",89465997,"PICKUP",41.3785897,2.139953
"893",89466094,"PICKUP",41.4511356,2.20693219999998
"894",89466094,"DELIVERY",41.4456797,2.2143093
"895",89466196,"PICKUP",41.4042072,2.13988689999996
"896",89466196,"DELIVERY",41.3872349,2.1756977
"897",89466276,"PICKUP",41.4066029,2.1389035
"898",89466276,"DELIVERY",41.4009067,2.1561151
"899",89466792,"PICKUP",41.3572561,2.127786
"900",89466792,"DELIVERY",41.3608829,2.1329028
"901",89467630,"PICKUP",41.4555577,2.2274856
"902",89467630,"DELIVERY",41.4517643,2.2336861
"903",89468173,"PICKUP",41.3805245,2.1742704
"904",89468173,"DELIVERY",41.3785003,2.1894307
"905",89468800,"PICKUP",41.404667,2.1734983
"906",89468800,"DELIVERY",41.4016942718799,2.16153558343649
"907",89468964,"PICKUP",41.3970759,2.1757687
"908",89468964,"DELIVERY",41.4118735,2.1805323
"909",89469346,"PICKUP",41.4292182,2.21137850000002
"910",89469346,"DELIVERY",41.4202109,2.2104189
"911",89469765,"PICKUP",41.40139,2.1534707
"912",89469765,"DELIVERY",41.4262451,2.1558834
"913",89470120,"PICKUP",41.3577397,2.06670740000004
"914",89470120,"DELIVERY",41.3639808,2.0770566
"915",89470811,"DELIVERY",41.4162484,2.2173575
"916",89470811,"PICKUP",41.4099658,2.2166369
"917",89471387,"PICKUP",41.3918996,2.165823
"918",89471387,"DELIVERY",41.393038,2.1620558
"919",89471767,"PICKUP",41.3929833,2.15029949999996
"920",89471767,"DELIVERY",41.4004787,2.1452163
"921",89472256,"DELIVERY",41.3722466835729,2.16025818139315
"922",89472256,"PICKUP",41.374782,2.1684911
"923",89472297,"PICKUP",41.3970759,2.1757687
"924",89472297,"DELIVERY",41.382311,2.1792435
"925",89474221,"PICKUP",41.4292182,2.21137850000002
"926",89474221,"DELIVERY",41.4403242,2.1825965
"927",89474440,"PICKUP",41.4048663,2.1920488
"928",89474440,"DELIVERY",41.4095342,2.1865762
"929",89474513,"PICKUP",41.3878261,2.1650176
"930",89474513,"DELIVERY",41.3968217650257,2.1622621268034
"931",89475586,"PICKUP",41.403863,2.1734701
"932",89475586,"DELIVERY",41.4113113,2.165152
"933",89476610,"DELIVERY",41.42569,2.2254299
"934",89476610,"PICKUP",41.4292182,2.21137850000002
"935",89477034,"PICKUP",41.398649,2.120025
"936",89477034,"DELIVERY",41.3981091,2.1380041
"937",89477314,"PICKUP",41.401148,2.17927499999996
"938",89477314,"DELIVERY",41.3992947,2.1791305
"939",89479001,"PICKUP",41.3754567,2.127418
"940",89479001,"DELIVERY",41.3722351,2.1199912
"941",89479011,"PICKUP",41.3577397,2.06670740000004
"942",89479011,"DELIVERY",41.3480224,2.1083287
"943",89479016,"PICKUP",41.3785897,2.139953
"944",89479016,"DELIVERY",41.3812984,2.1385109
"945",89479463,"PICKUP",41.4091599,2.17463799999996
"946",89479463,"DELIVERY",41.4224672,2.1559832
"947",89479468,"PICKUP",41.379537,2.0662392
"948",89479468,"DELIVERY",41.3866373,2.0474561
"949",89480492,"PICKUP",41.3867598,2.18139120000001
"950",89480492,"DELIVERY",41.3992427227842,2.16511230915785
"951",89480842,"DELIVERY",41.4022467,2.1193084
"952",89480842,"PICKUP",41.392079,2.14453860000003
"953",89480941,"PICKUP",41.3577397,2.06670740000004
"954",89480941,"DELIVERY",41.3677624,2.1123582
"955",89481313,"PICKUP",41.443268,2.23019399999998
"956",89481313,"DELIVERY",41.4458869,2.2481325
"957",89481593,"PICKUP",41.3924595,2.2035095
"958",89481593,"DELIVERY",41.4092925,2.1956213
"959",89481782,"PICKUP",41.4304785,2.17161099999998
"960",89481782,"DELIVERY",41.4193589,2.1509141
"961",89481892,"PICKUP",41.3591924,2.12969989999999
"962",89481892,"DELIVERY",41.3700654,2.1178576
"963",89482218,"PICKUP",41.3936212,2.1384699
"964",89482218,"DELIVERY",41.3863501,2.1396209
"965",89482234,"PICKUP",41.3930015,2.1692207
"966",89482234,"DELIVERY",41.4110752,2.1589066
"967",89482767,"PICKUP",41.396103,2.1566673
"968",89482767,"DELIVERY",41.4105884,2.1645688
"969",89483128,"PICKUP",41.4042072,2.13988689999996
"970",89483128,"DELIVERY",41.3889435,2.1581526
"971",89483385,"PICKUP",41.4292182,2.21137850000002
"972",89483385,"DELIVERY",41.4178799,2.21704
"973",89483561,"PICKUP",41.3918996,2.165823
"974",89483561,"DELIVERY",41.3900922,2.1651712
"975",89483998,"PICKUP",41.403863,2.1734701
"976",89483998,"DELIVERY",41.4214612,2.1734647
"977",89484005,"DELIVERY",41.3709757,2.1016143
"978",89484005,"PICKUP",41.3702179,2.090199
"979",89484266,"PICKUP",41.3970759,2.1757687
"980",89484266,"DELIVERY",41.3952533,2.1924719
"981",89486698,"PICKUP",41.4036776,2.1573107
"982",89486698,"DELIVERY",41.4168516,2.1635453
"983",89487007,"PICKUP",41.3915173,2.1502529
"984",89487007,"DELIVERY",41.3902189,2.1573609
"985",89487023,"PICKUP",41.40139,2.1534707
"986",89487023,"DELIVERY",41.4214618,2.1555405
"987",89487228,"PICKUP",41.4476289,2.2324493
"988",89487228,"DELIVERY",41.4560876579632,2.24351495504379
"989",89487546,"PICKUP",41.403863,2.1734701
"990",89487546,"DELIVERY",41.4173937,2.1888148
"991",89487991,"PICKUP",41.4135406,2.18726670000001
"992",89487991,"DELIVERY",41.4150426,2.1887213
"993",89488258,"PICKUP",41.35292,2.10625000000005
"994",89488258,"DELIVERY",41.3486553,2.1082987
"995",89489646,"PICKUP",41.352655,2.0770532
"996",89489646,"DELIVERY",41.3571407766617,2.07684516906738
"997",89489660,"PICKUP",41.357563,2.0677515
"998",89489660,"DELIVERY",41.363686,2.059827
"999",89489841,"PICKUP",41.3945895,2.14740660000007
"1000",89489841,"DELIVERY",41.3785235,2.1779357
"1001",89490527,"PICKUP",41.3702179,2.090199
"1002",89490527,"DELIVERY",41.374969,2.0795588
"1003",89490595,"DELIVERY",41.3750048,2.1725038
"1004",89490595,"PICKUP",41.374782,2.1684911
"1005",89491767,"PICKUP",41.3995729,2.17352070000004
"1006",89491767,"DELIVERY",41.4228974,2.1782679
"1007",89491795,"PICKUP",41.3785463,2.17255850000004
"1008",89491795,"DELIVERY",41.3902431,2.1706795
"1009",89492040,"PICKUP",41.4428965,2.2300312
"1010",89492040,"DELIVERY",41.441966,2.2180665
"1011",89492159,"DELIVERY",41.3696273,2.1352902
"1012",89492159,"PICKUP",41.3583373,2.12939140000003
"1013",89492360,"PICKUP",41.4428965,2.2300312
"1014",89492360,"DELIVERY",41.4380265,2.2212124
"1015",89494089,"PICKUP",41.3929833,2.15029949999996
"1016",89494089,"DELIVERY",41.379241,2.1646407
"1017",89494719,"PICKUP",41.3969823,2.14738850000003
"1018",89494719,"DELIVERY",41.375016,2.0793962
"1019",89494917,"PICKUP",41.40139,2.1534707
"1020",89494917,"DELIVERY",41.4218222,2.1428016
"1021",89495928,"PICKUP",41.3818876,2.15306290000001
"1022",89495928,"DELIVERY",41.3741878,2.1663696
"1023",89495943,"PICKUP",41.381582,2.1747126
"1024",89495943,"DELIVERY",41.3810412,2.1752188
"1025",89496383,"PICKUP",41.3754567,2.127418
"1026",89496383,"DELIVERY",41.3728897,2.1566073
"1027",89496482,"PICKUP",41.396202,2.15724069999999
"1028",89496482,"DELIVERY",41.4061825,2.1391093
"1029",89497260,"PICKUP",41.3785897,2.139953
"1030",89497260,"DELIVERY",41.3591621,2.1400427
"1031",89497611,"DELIVERY",41.4526227,2.2152672
"1032",89497611,"PICKUP",41.4555577,2.2274856
"1033",89498501,"PICKUP",41.35292,2.10625000000005
"1034",89498501,"DELIVERY",41.3508829,2.1046935
"1035",89498745,"PICKUP",41.375972,2.12024180000003
"1036",89498745,"DELIVERY",41.3755097,2.1257133
"1037",89498846,"PICKUP",41.35292,2.10625000000005
"1038",89498846,"DELIVERY",41.3517534,2.1116585
"1039",89499851,"PICKUP",41.392079,2.14453860000003
"1040",89499851,"DELIVERY",41.3900864,2.1445258
"1041",89500040,"PICKUP",41.392079,2.14453860000003
"1042",89500040,"DELIVERY",41.3945383,2.1224239
"1043",89500047,"PICKUP",41.3929833,2.15029949999996
"1044",89500047,"DELIVERY",41.4081088,2.15077510000003
"1045",89500576,"PICKUP",41.3880267,2.17255709999995
"1046",89500576,"DELIVERY",41.3765901,2.1606643
"1047",89501545,"PICKUP",41.3924595,2.2035095
"1048",89501545,"DELIVERY",41.4104869471001,2.20217976719141
"1049",89501733,"PICKUP",41.3864857,2.1622625
"1050",89501733,"DELIVERY",41.3904546,2.1599158
"1051",89502825,"PICKUP",41.352655,2.0770532
"1052",89502825,"DELIVERY",41.3506954,2.07418
"1053",89503469,"PICKUP",41.374782,2.1684911
"1054",89503469,"DELIVERY",41.3729486,2.1648616
"1055",89503482,"DELIVERY",41.3726321,2.0992663
"1056",89503482,"PICKUP",41.3702179,2.090199
"1057",89504074,"PICKUP",41.3761912,2.13581959999999
"1058",89504074,"DELIVERY",41.378554,2.1355632
"1059",89504376,"PICKUP",41.3797758,2.179596
"1060",89504376,"DELIVERY",41.3746446,2.1660831
"1061",89504828,"PICKUP",41.3600949,2.10039059999997
"1062",89504828,"DELIVERY",41.3671038,2.1091666
"1063",89505472,"PICKUP",41.3702179,2.090199
"1064",89505472,"DELIVERY",41.3662633,2.0889828
"1065",89505857,"PICKUP",41.3924595,2.2035095
"1066",89505857,"DELIVERY",41.4177882,2.1948992
"1067",89506009,"PICKUP",41.35292,2.10625000000005
"1068",89506009,"DELIVERY",41.364647365102,2.11053170263767
"1069",89506306,"PICKUP",41.388358,2.14068939999993
"1070",89506306,"DELIVERY",41.3936675,2.1994044
"1071",89507503,"PICKUP",41.405612,2.14682489999996
"1072",89507503,"DELIVERY",41.3942955,2.143052
"1073",89508146,"PICKUP",41.3971541,2.1682035
"1074",89508146,"DELIVERY",41.3870483,2.1964703
"1075",89508399,"PICKUP",41.373545,2.14512500000001
"1076",89508399,"DELIVERY",41.4002321,2.2050114
"1077",89511774,"PICKUP",41.3987518,2.16647620000003
"1078",89511774,"DELIVERY",41.4238512,2.1527805
"1079",89511774,"PICKUP",41.4058902,2.18376119999994
"1080",89511999,"PICKUP",41.3805245,2.1742704
"1081",89511999,"DELIVERY",41.3859074,2.1803344
"1082",89515017,"PICKUP",41.3818876,2.15306290000001
"1083",89515017,"DELIVERY",41.4004019,2.1222472
"1084",89515409,"PICKUP",41.375972,2.12024180000003
"1085",89515409,"DELIVERY",41.3730395,2.1178536
"1086",89519611,"PICKUP",41.3702179,2.090199
"1087",89519611,"DELIVERY",41.3647279,2.1077303
"1088",89521595,"PICKUP",41.3881544,2.170278
"1089",89521595,"DELIVERY",41.4052063,2.1803916
"1090",89521783,"PICKUP",41.3871505,2.167468
"1091",89521783,"DELIVERY",41.3940808,2.1487419
"1092",89521909,"PICKUP",41.3871505,2.167468
"1093",89521909,"DELIVERY",41.3820647,2.1462824
"1094",89525330,"PICKUP",41.375972,2.12024180000003
"1095",89525330,"DELIVERY",41.3596626,2.1209627
"1096",89526704,"DELIVERY",41.3713093,2.1126628
"1097",89526704,"PICKUP",41.375972,2.12024180000003
"1098",89527855,"PICKUP",41.352655,2.0770532
"1099",89527855,"DELIVERY",41.346331,2.1011196
"1100",89528441,"DELIVERY",41.4053561,2.2053514
"1101",89528441,"PICKUP",41.3924595,2.2035095
"1102",89528834,"PICKUP",41.3592109,2.14110819999996
"1103",89528834,"DELIVERY",41.3765278,2.1655742
"1104",89538702,"PICKUP",41.3844791,2.1711781
"1105",89538702,"DELIVERY",41.368862,2.1882694
"1106",89539892,"DELIVERY",41.374501,2.107097
"1107",89539892,"PICKUP",41.3731607,2.10958170000004
"1108",89541694,"PICKUP",41.3967694,2.1526762
"1109",89541694,"DELIVERY",41.3986481,2.1432591
"1110",89544993,"PICKUP",41.40182,2.17354
"1111",89544993,"DELIVERY",41.4049809,2.1732132
"1112",89545922,"DELIVERY",41.3989341,2.1974975
"1113",89545922,"PICKUP",41.4192089,2.17872250000005
"1114",89548356,"PICKUP",41.3848932,2.18446280000001
"1115",89548356,"DELIVERY",41.3829179,2.1649217
"1116",89551149,"PICKUP",41.3862233,2.1497557
"1117",89551149,"DELIVERY",41.3888448,2.1457324
"1118",89551799,"PICKUP",41.4068884,2.15892770000005
"1119",89551799,"DELIVERY",41.3725017,2.1661695
"1120",89552012,"PICKUP",41.3988158,2.172954
"1121",89552012,"DELIVERY",41.388358,2.1406894
"1122",89552089,"PICKUP",41.4050073,2.1925084
"1123",89552089,"DELIVERY",41.4338757,2.1481344
"1124",89553068,"PICKUP",41.4355168,2.18048870000007
"1125",89553068,"DELIVERY",41.4293838,2.1668299
"1126",89553774,"PICKUP",41.4099658,2.2166369
"1127",89553774,"DELIVERY",41.4123574,2.2042224
"1128",89555090,"PICKUP",41.4355168,2.18048870000007
"1129",89555090,"DELIVERY",41.4286856,2.1627906
"1130",89557410,"PICKUP",41.3924595,2.2035095
"1131",89557410,"DELIVERY",41.3938313,2.1886129
"1132",89557792,"DELIVERY",41.3947501,2.1150312
"1133",89557792,"PICKUP",41.3884042,2.1317901
"1134",89557978,"DELIVERY",41.3777766,2.0836895
"1135",89557978,"PICKUP",41.3702179,2.090199
"1136",89558246,"PICKUP",41.3971802,2.1671864
"1137",89558246,"DELIVERY",41.4058946,2.1624605
"1138",89559101,"PICKUP",41.3933605,2.13562139999999
"1139",89559101,"DELIVERY",41.3917787,2.1588858
"1140",89559369,"PICKUP",41.4099585,2.21666089999997
"1141",89559369,"DELIVERY",41.3940118,2.1947153
"1142",89561399,"PICKUP",41.3933341,2.1882805
"1143",89561399,"DELIVERY",41.383615,2.1781191
"1144",89561564,"PICKUP",41.3874893,2.16784849999999
"1145",89561564,"DELIVERY",41.3848905,2.1663055
"1146",89562345,"PICKUP",41.4022999,2.1742
"1147",89562345,"DELIVERY",41.3911174,2.1772251
"1148",89563526,"PICKUP",41.374782,2.1684911
"1149",89563526,"DELIVERY",41.3724889,2.1681076
"1150",89565614,"PICKUP",41.3736283,2.11938420000001
"1151",89565614,"DELIVERY",41.3708804,2.1457912
"1152",89566035,"DELIVERY",41.392277,2.1535224
"1153",89566035,"PICKUP",41.3892102,2.15128
"1154",89566167,"PICKUP",41.3947524,2.14488359999996
"1155",89566167,"DELIVERY",41.3939769,2.1606227
"1156",89566524,"PICKUP",41.375972,2.12024180000003
"1157",89566524,"DELIVERY",41.3655046,2.1139237
"1158",89567315,"PICKUP",41.3476628,2.07891359999996
"1159",89567315,"DELIVERY",41.3513559,2.088357
"1160",89567807,"DELIVERY",41.4303073,2.1677965
"1161",89567807,"PICKUP",41.4355168,2.18048870000007
"1162",89570285,"DELIVERY",41.4176769,2.2223268
"1163",89570285,"PICKUP",41.4099658,2.2166369
"1164",89570713,"PICKUP",41.3937303,2.1690313
"1165",89570713,"DELIVERY",41.3762971,2.1546493
"1166",89571117,"PICKUP",41.4036776,2.1573107
"1167",89571117,"DELIVERY",41.3885388,2.1572457
"1168",89571193,"PICKUP",41.4355168,2.18048870000007
"1169",89571193,"DELIVERY",41.4462437,2.1781055
"1170",89571553,"PICKUP",41.4048663,2.1920488
"1171",89571553,"DELIVERY",41.4021435,2.1832625
"1172",89574097,"PICKUP",41.4355168,2.18048870000007
"1173",89574097,"DELIVERY",41.422761,2.1820412
"1174",89574132,"PICKUP",41.4048871,2.17458329999999
"1175",89574132,"DELIVERY",41.4134687,2.160623
"1176",89574668,"PICKUP",41.3871562,2.1671718
"1177",89574668,"DELIVERY",41.4044987,2.1769909
"1178",89574737,"PICKUP",41.3918694,2.16792529999998
"1179",89574737,"DELIVERY",41.3930704,2.1533314
"1180",89575879,"PICKUP",41.392079,2.14453860000003
"1181",89575879,"DELIVERY",41.3921524,2.1245105
"1182",89575907,"PICKUP",41.44847,2.24908989999994
"1183",89575907,"DELIVERY",41.4530532,2.2496387
"1184",89576094,"DELIVERY",41.3955837,2.16229250000004
"1185",89576094,"PICKUP",41.4107501,2.15883489999999
"1186",89576224,"PICKUP",41.3593943,2.130091
"1187",89576224,"DELIVERY",41.3680534,2.1117808
"1188",89579236,"PICKUP",41.4106827,2.1932764
"1189",89579236,"DELIVERY",41.3761234,2.1897061
"1190",89579454,"PICKUP",41.4362253,2.1898387
"1191",89579454,"DELIVERY",41.4454594,2.2382779
"1192",89580001,"PICKUP",41.374782,2.1684911
"1193",89580001,"DELIVERY",41.3802437,2.1590683
"1194",89580292,"PICKUP",41.388469,2.16115330000002
"1195",89580292,"DELIVERY",41.4006708,2.1658404
"1196",89580429,"PICKUP",41.3908626,2.1558845
"1197",89580429,"DELIVERY",41.3922417,2.164315
"1198",89583581,"PICKUP",41.392079,2.14453860000003
"1199",89583581,"DELIVERY",41.3884042,2.1413607
"1200",89584410,"PICKUP",41.396202,2.15724069999999
"1201",89584410,"DELIVERY",41.3984576,2.1551309
"1202",89590203,"PICKUP",41.409624,2.21650299999999
"1203",89590203,"DELIVERY",41.4165339,2.2129542
"1204",89591074,"PICKUP",41.3806395,2.1746581
"1205",89591074,"DELIVERY",41.3730615,2.1582133
"1206",89596972,"PICKUP",41.3929833,2.15029949999996
"1207",89596972,"DELIVERY",41.3854491,2.1717307
"1208",89597133,"PICKUP",41.403863,2.1734701
"1209",89597133,"DELIVERY",41.4084149,2.1834549
"1210",89599950,"PICKUP",41.4415513,2.22266420000005
"1211",89599950,"DELIVERY",41.4480706,2.2060526
"1212",89600340,"PICKUP",41.3785363,2.1544858
"1213",89600340,"DELIVERY",41.375005,2.1315521
"1214",89602086,"PICKUP",41.3901828,2.1779541
"1215",89602086,"DELIVERY",41.4512209,2.2034939
"1216",89604636,"PICKUP",41.3965023,2.15042349999999
"1217",89604636,"DELIVERY",41.3921701,2.1473593
"1218",89607071,"PICKUP",41.38309,2.1771667
"1219",89607071,"DELIVERY",41.4158142,2.1886533
"1220",89607600,"PICKUP",41.3908091,2.13849370000003
"1221",89607600,"DELIVERY",41.3632874,2.1251937
"1222",89615699,"PICKUP",41.3963031,2.1842894
"1223",89615699,"DELIVERY",41.3868732,2.1653278
"1224",89616399,"PICKUP",41.40139,2.1534707
"1225",89616399,"DELIVERY",41.4100008,2.1554734
"1226",89616776,"PICKUP",41.4060371,2.2057972
"1227",89616776,"DELIVERY",41.4185258,2.1820406
"1228",89617809,"PICKUP",41.3757379,2.188283
"1229",89617809,"DELIVERY",41.3778551,2.1908043
"1230",89623910,"PICKUP",41.3903199,2.17933210000001
"1231",89623910,"DELIVERY",41.4067168,2.1260419
"1232",89626366,"PICKUP",41.3941092,2.13432169999999
"1233",89626366,"DELIVERY",41.4088693,2.1396741
"1234",89627841,"PICKUP",41.3785897,2.139953
"1235",89627841,"DELIVERY",41.371934696712,2.14129127562046
"1236",89630606,"PICKUP",41.3993015,2.1723253
"1237",89630606,"DELIVERY",41.4187572,2.1873395
"1238",89630970,"PICKUP",41.3761821,2.15949499999999
"1239",89630970,"DELIVERY",41.3850478,2.1796976
"1240",89634188,"PICKUP",41.387052,2.18223569999998
"1241",89634188,"DELIVERY",41.3951366,2.1804907
"1242",89634900,"PICKUP",41.3825748,2.1709522
"1243",89634900,"DELIVERY",41.3837208,2.1804695
"1244",89638143,"PICKUP",41.4048663,2.1920488
"1245",89638143,"DELIVERY",41.4025344,2.1931504
"1246",89638470,"PICKUP",41.375972,2.12024180000003
"1247",89638470,"DELIVERY",41.3807063,2.1260182
"1248",89641073,"PICKUP",41.4028104,2.13607
"1249",89641073,"DELIVERY",41.404632,2.1668025
"1250",89641098,"PICKUP",41.3818876,2.15306290000001
"1251",89641098,"DELIVERY",41.3836813,2.1470343
"1252",89642573,"PICKUP",41.3586106,2.12929550000001
"1253",89642573,"DELIVERY",41.3644285,2.1395439
"1254",89643867,"PICKUP",41.3747927,2.16642720000004
"1255",89643867,"DELIVERY",41.3775009,2.1644246
"1256",89645283,"PICKUP",41.3870897,2.1302308
"1257",89645283,"DELIVERY",41.3923811,2.1332284
"1258",89646105,"PICKUP",41.4051434,2.1462623
"1259",89646105,"DELIVERY",41.4085048,2.17057190000003
"1260",89646375,"DELIVERY",41.366287,2.1229861
"1261",89646375,"PICKUP",41.3583373,2.12939140000003
"1262",89380255,"PICKUP",41.3881544,2.170278
"1263",89380255,"DELIVERY",41.3908346,2.1834551
"1264",89380729,"PICKUP",41.38833,2.17666600000007
"1265",89380729,"DELIVERY",41.4175876,2.2046546
"1266",89380914,"PICKUP",41.4042072,2.13988689999996
"1267",89380914,"DELIVERY",41.4217118782901,2.14956153184175
"1268",89381099,"PICKUP",41.3905401,2.14944719999994
"1269",89381099,"DELIVERY",41.3926159,2.1498104
"1270",89381727,"PICKUP",41.4048871,2.17458329999999
"1271",89381727,"DELIVERY",41.3977037,2.1853969
"1272",89381788,"PICKUP",41.3971541,2.1682035
"1273",89381788,"DELIVERY",41.4049774,2.1665447
"1274",89382117,"PICKUP",41.3905401,2.14944719999994
"1275",89382117,"DELIVERY",41.372523,2.1718045
"1276",89382166,"PICKUP",41.3943034,2.15231649999998
"1277",89382166,"DELIVERY",41.3824966,2.1562358
"1278",89382996,"PICKUP",41.410614,2.17480399999999
"1279",89382996,"DELIVERY",41.4258512,2.1696047
"1280",89383867,"PICKUP",41.401148,2.17927499999996
"1281",89383867,"DELIVERY",41.3877537,2.1780942
"1282",89384657,"PICKUP",41.4555577,2.2274856
"1283",89384657,"DELIVERY",41.4510126,2.2307475
"1284",89385309,"PICKUP",41.3929833,2.15029949999996
"1285",89385309,"DELIVERY",41.4014732,2.1762902
"1286",89385613,"PICKUP",41.4260337,2.18789979999997
"1287",89385613,"DELIVERY",41.4412066,2.1746432
"1288",89385652,"PICKUP",41.396202,2.15724069999999
"1289",89385652,"DELIVERY",41.4119826,2.1579902
"1290",89385781,"PICKUP",41.3835717,2.1541287
"1291",89385781,"DELIVERY",41.3837841,2.1490437
"1292",89385886,"DELIVERY",41.3742431,2.1460555
"1293",89385886,"PICKUP",41.3785897,2.139953
"1294",89387387,"PICKUP",41.3702179,2.090199
"1295",89387387,"DELIVERY",41.3640944,2.0808841
"1296",89387460,"PICKUP",41.4096142,2.2158381
"1297",89387460,"DELIVERY",41.4119809,2.1592464
"1298",89387886,"PICKUP",41.3752853,2.15089999999998
"1299",89387886,"DELIVERY",41.374682,2.1430637
"1300",89388295,"PICKUP",41.4406424,2.19883490000007
"1301",89388295,"DELIVERY",41.4451016,2.1893015
"1302",89388650,"PICKUP",41.3587903,2.129576
"1303",89388650,"DELIVERY",41.3751626,2.1298491
"1304",89389107,"DELIVERY",41.4081122,2.1818222
"1305",89389107,"PICKUP",41.403863,2.1734701
"1306",89389449,"PICKUP",41.4053727,2.1912585
"1307",89389449,"DELIVERY",41.4270112,2.1858261
"1308",89389493,"PICKUP",41.3870191,2.15482810000003
"1309",89389493,"DELIVERY",41.390387,2.1464883
"1310",89389675,"PICKUP",41.3905401,2.14944719999994
"1311",89389675,"DELIVERY",41.3816933,2.1475068
"1312",89389782,"DELIVERY",41.4145916,2.1696614
"1313",89389782,"PICKUP",41.403863,2.1734701
"1314",89390166,"PICKUP",41.3754567,2.127418
"1315",89390166,"DELIVERY",41.3750299,2.1398003
"1316",89390461,"PICKUP",41.4270112,2.18582609999999
"1317",89390461,"DELIVERY",41.4252233,2.1774502
"1318",89390793,"PICKUP",41.3819567,2.17235489999996
"1319",89390793,"DELIVERY",41.411284302041,2.16977499425411
"1320",89393281,"PICKUP",41.3864336,2.1668145
"1321",89393281,"DELIVERY",41.3876849,2.1569001
"1322",89393616,"PICKUP",41.3474593,2.07776790000003
"1323",89393616,"DELIVERY",41.3496117,2.0775703
"1324",89394167,"PICKUP",41.379537,2.0662392
"1325",89394167,"DELIVERY",41.379911,2.0693048
"1326",89394420,"PICKUP",41.3905401,2.14944719999994
"1327",89394420,"DELIVERY",41.3861181,2.1461852
"1328",89394763,"PICKUP",41.394436,2.15028440000003
"1329",89394763,"DELIVERY",41.3925986,2.1535234
"1330",89395219,"DELIVERY",41.4049037,2.1994402
"1331",89395219,"PICKUP",41.4014883,2.21074709999994
"1332",89395486,"DELIVERY",41.382594,2.1529478
"1333",89395486,"PICKUP",41.3892102,2.15128
"1334",89396151,"DELIVERY",41.3726303,2.1655734
"1335",89396151,"PICKUP",41.374782,2.1684911
"1336",89396636,"PICKUP",41.4084822,2.17495669999994
"1337",89396636,"DELIVERY",41.4342421,2.1728032
"1338",89398172,"PICKUP",41.384757,2.1669944
"1339",89398172,"DELIVERY",41.4015594,2.1491491
"1340",89398555,"PICKUP",41.3579382,2.12893429999997
"1341",89398555,"DELIVERY",41.364774,2.1192923
"1342",89399957,"PICKUP",41.3971541,2.1682035
"1343",89399957,"DELIVERY",41.38869,2.1645106
"1344",89400223,"PICKUP",41.4105983,2.13701449999996
"1345",89400223,"DELIVERY",41.410375,2.1398646
"1346",89400927,"PICKUP",41.3888756,2.16709309999999
"1347",89400927,"DELIVERY",41.3591971,2.1269418
"1348",89401278,"PICKUP",41.375972,2.12024180000003
"1349",89401278,"DELIVERY",41.3786571,2.1289329
"1350",89401867,"PICKUP",41.403863,2.1734701
"1351",89401867,"DELIVERY",41.3997648,2.1775994
"1352",89402016,"PICKUP",41.3801351,2.17682250000007
"1353",89402016,"DELIVERY",41.3777633,2.1740131
"1354",89402048,"PICKUP",41.3993015,2.1723253
"1355",89402048,"DELIVERY",41.4072639,2.1877523
"1356",89402053,"PICKUP",41.3805245,2.1742704
"1357",89402053,"DELIVERY",41.3809,2.1883773
"1358",89402401,"PICKUP",41.403863,2.1734701
"1359",89402401,"DELIVERY",41.4102923,2.1735971
"1360",89402592,"PICKUP",41.4102807,2.18043109999996
"1361",89402592,"DELIVERY",41.4109984,2.1805833
"1362",89403292,"PICKUP",41.3837027,2.17734629999995
"1363",89403292,"DELIVERY",41.3720627,2.1406203
"1364",89404533,"PICKUP",41.3864336,2.1668145
"1365",89404533,"DELIVERY",41.3817613,2.1645076
"1366",89404696,"DELIVERY",41.4329133,2.1945687
"1367",89404696,"PICKUP",41.4406424,2.19883490000007
"1368",89404803,"PICKUP",41.4036776,2.1573107
"1369",89404803,"DELIVERY",41.4036518,2.1540262
"1370",89404931,"PICKUP",41.3587903,2.129576
"1371",89404931,"DELIVERY",41.3755138,2.1611276
"1372",89405601,"PICKUP",41.403863,2.1734701
"1373",89405601,"DELIVERY",41.4148798,2.1649742
"1374",89405622,"PICKUP",41.3785897,2.139953
"1375",89405622,"DELIVERY",41.3750653,2.1446492
"1376",89406556,"PICKUP",41.3905401,2.14944719999994
"1377",89406556,"DELIVERY",41.38957,2.1576282
"1378",89406847,"PICKUP",41.398649,2.120025
"1379",89406847,"DELIVERY",41.3820767,2.1376205
"1380",89406852,"PICKUP",41.4355168,2.18048870000007
"1381",89406852,"DELIVERY",41.43921,2.1717
"1382",89406975,"PICKUP",41.4406424,2.19883490000007
"1383",89406975,"DELIVERY",41.4351049,2.2032058
"1384",89407559,"PICKUP",41.4074896,2.2048769
"1385",89407559,"DELIVERY",41.4164595,2.1933717
"1386",89407628,"PICKUP",41.3864336,2.1668145
"1387",89407628,"DELIVERY",41.3989523,2.1759955
"1388",89407803,"DELIVERY",41.3947978,2.1656126
"1389",89407803,"PICKUP",41.3918996,2.165823
"1390",89408053,"PICKUP",41.4355168,2.18048870000007
"1391",89408053,"DELIVERY",41.4466826769593,2.17357132583857
"1392",89408786,"PICKUP",41.3572561,2.127786
"1393",89408786,"DELIVERY",41.35985,2.12308
"1394",89408899,"PICKUP",41.3885176,2.13224390000005
"1395",89408899,"DELIVERY",41.3973504,2.1282617
"1396",89409000,"PICKUP",41.403863,2.1734701
"1397",89409000,"DELIVERY",41.4077637,2.1634434
"1398",89409225,"PICKUP",41.4036776,2.1573107
"1399",89409225,"DELIVERY",41.4119622,2.1502042
"1400",89409330,"PICKUP",41.3818876,2.15306290000001
"1401",89409330,"DELIVERY",41.390467,2.126229
"1402",89409466,"PICKUP",41.4043632,2.1560945
"1403",89409466,"DELIVERY",41.394707,2.1707145
"1404",89409761,"PICKUP",41.4048871,2.17458329999999
"1405",89409761,"DELIVERY",41.4063357,2.1977185
"1406",89412613,"DELIVERY",41.3697801,2.1224802
"1407",89412613,"PICKUP",41.375972,2.12024180000003
"1408",89414915,"PICKUP",41.3877095,2.19799280000007
"1409",89414915,"DELIVERY",41.3970276,2.1915097
"1410",89414970,"PICKUP",41.403863,2.1734701
"1411",89414970,"DELIVERY",41.4115156,2.1817041
"1412",89415128,"PICKUP",41.3939799,2.1602906
"1413",89415128,"DELIVERY",41.3900675,2.1569071
"1414",89415616,"PICKUP",41.3579382,2.12893429999997
"1415",89415616,"DELIVERY",41.3635489,2.1189404
"1416",89416242,"PICKUP",41.3835087,2.1836997
"1417",89416242,"DELIVERY",41.3840113,2.1814972
"1418",89416754,"PICKUP",41.4096142,2.2158381
"1419",89416754,"DELIVERY",41.4084963,2.2066441
"1420",89417286,"PICKUP",41.3785897,2.139953
"1421",89417286,"DELIVERY",41.3834254,2.1457518
"1422",89417456,"PICKUP",41.3871562,2.1671718
"1423",89417456,"DELIVERY",41.3815948,2.1498781
"1424",89417666,"PICKUP",41.3835087,2.1836997
"1425",89417666,"DELIVERY",41.3979562,2.1842338
"1426",89417937,"PICKUP",41.3871562,2.1671718
"1427",89417937,"DELIVERY",41.4047191,2.1409536
"1428",89418685,"PICKUP",41.3805245,2.1742704
"1429",89418685,"DELIVERY",41.37898,2.17948
"1430",89419280,"PICKUP",41.4043632,2.1560945
"1431",89419280,"DELIVERY",41.3837453,2.1833759
"1432",89419380,"PICKUP",41.3892102,2.15128
"1433",89419380,"DELIVERY",41.384486,2.1551885
"1434",89421625,"PICKUP",41.3871562,2.1671718
"1435",89421625,"DELIVERY",41.4019642,2.1379197
"1436",89422297,"PICKUP",41.3818876,2.15306290000001
"1437",89422297,"DELIVERY",41.3765918,2.1433656
"1438",89423384,"PICKUP",41.379537,2.0662392
"1439",89423384,"DELIVERY",41.3877143,2.0529569
"1440",89423961,"PICKUP",41.4042043,2.17014610000001
"1441",89423961,"DELIVERY",41.4067384,2.1657758
"1442",89424973,"PICKUP",41.4478129,2.24025329999995
"1443",89424973,"DELIVERY",41.4449885,2.1888058
"1444",89425546,"PICKUP",41.3775944,2.1788254
"1445",89425546,"DELIVERY",41.3758498,2.1576885
"1446",89425816,"PICKUP",41.3892102,2.15128
"1447",89425816,"DELIVERY",41.3924704,2.1519818
"1448",89426090,"PICKUP",41.4077358,2.1478343
"1449",89426090,"DELIVERY",41.3926098,2.1476718
"1450",89426353,"PICKUP",41.4013547,2.1691043
"1451",89426353,"DELIVERY",41.4034736,2.1806447
"1452",89426549,"PICKUP",41.3864336,2.1668145
"1453",89426549,"DELIVERY",41.3978769,2.1727394
"1454",89427752,"PICKUP",41.4106827,2.19327640000006
"1455",89427752,"DELIVERY",41.45524,2.23991
"1456",89428133,"PICKUP",41.3881488,2.1730189
"1457",89428133,"DELIVERY",41.412766,2.1834261
"1458",89429359,"PICKUP",41.4355168,2.18048870000007
"1459",89429359,"DELIVERY",41.4280524,2.1667467
"1460",89429593,"DELIVERY",41.3976739,2.1234294
"1461",89429593,"PICKUP",41.4042072,2.13988689999996
"1462",89430288,"DELIVERY",41.4022613,2.1667905
"1463",89430288,"PICKUP",41.403863,2.1734701
"1464",89431315,"PICKUP",41.4035194,2.17605409999999
"1465",89431315,"DELIVERY",41.4088832,2.2154852
"1466",89431386,"PICKUP",41.3871505,2.167468
"1467",89431386,"DELIVERY",41.3857264,2.1604125
"1468",89431748,"PICKUP",41.3702177,2.0972076
"1469",89431748,"DELIVERY",41.3652681,2.0819851
"1470",89433053,"PICKUP",41.3929833,2.15029949999996
"1471",89433053,"DELIVERY",41.4070575,2.1257698
"1472",89433661,"PICKUP",41.403863,2.1734701
"1473",89433661,"DELIVERY",41.4004757,2.1741249
"1474",89434763,"PICKUP",41.4159057,2.1899267
"1475",89434763,"DELIVERY",41.4311812,2.1678581
"1476",89435215,"PICKUP",41.3835717,2.1541287
"1477",89435215,"DELIVERY",41.3795546,2.1269386
"1478",89435240,"PICKUP",41.4099658,2.2166369
"1479",89435240,"DELIVERY",41.4174139,2.206542
"1480",89436540,"PICKUP",41.3971541,2.1682035
"1481",89436540,"DELIVERY",41.4115156,2.1817041
"1482",89436868,"PICKUP",41.443268,2.23019399999998
"1483",89436868,"DELIVERY",41.4391283,2.2420182
"1484",89436889,"PICKUP",41.4042043,2.17014610000001
"1485",89436889,"DELIVERY",41.4067002,2.1687236
"1486",89437101,"DELIVERY",41.4361255,2.215021
"1487",89437101,"PICKUP",41.4292182,2.21137850000002
"1488",89437113,"PICKUP",41.3805245,2.1742704
"1489",89437113,"DELIVERY",41.3815743,2.1758981
"1490",89437336,"PICKUP",41.3834564,2.15475130000004
"1491",89437336,"DELIVERY",41.3747514,2.1390518
"1492",89438308,"PICKUP",41.3587903,2.129576
"1493",89438308,"DELIVERY",41.3841855,2.1000076
"1494",89438540,"PICKUP",41.4076189,2.2053152
"1495",89438540,"DELIVERY",41.4025344,2.1931504
"1496",89438586,"DELIVERY",41.4053465,2.1516048
"1497",89438586,"PICKUP",41.394461,2.15835179999999
"1498",89439125,"PICKUP",41.4043632,2.1560945
"1499",89439125,"DELIVERY",41.3856775569471,2.156674079597
"1500",89439563,"PICKUP",41.40139,2.1534707
"1501",89439563,"DELIVERY",41.4224218,2.1516045
"1502",89440566,"PICKUP",41.35292,2.10625000000005
"1503",89440566,"DELIVERY",41.3586426,2.0961058
"1504",89441425,"PICKUP",41.4292182,2.21137850000002
"1505",89441425,"DELIVERY",41.4286132,2.2196632
"1506",89441465,"PICKUP",41.4556763,2.22767969999995
"1507",89441465,"DELIVERY",41.4481871,2.2451155
"1508",89444435,"PICKUP",41.4428965,2.2300312
"1509",89444435,"DELIVERY",41.4476137871624,2.22173541784286
"1510",89444716,"PICKUP",41.377187,2.09844659999999
"1511",89444716,"DELIVERY",41.3694135,2.1002532
"1512",89444953,"DELIVERY",41.37757,2.0474696
"1513",89444953,"PICKUP",41.3577397,2.06670740000004
"1514",89445256,"DELIVERY",41.3671934,2.1333484
"1515",89445256,"PICKUP",41.3572561,2.127786
"1516",89445521,"DELIVERY",41.3705205,2.1186771
"1517",89445521,"PICKUP",41.375972,2.12024180000003
"1518",89447147,"PICKUP",41.384603,2.1828561
"1519",89447147,"DELIVERY",41.3853792,2.1830053
"1520",89447343,"PICKUP",41.3835717,2.1541287
"1521",89447343,"DELIVERY",41.3992434,2.1221067
"1522",89447473,"PICKUP",41.3587903,2.129576
"1523",89447473,"DELIVERY",41.358574,2.1368404
"1524",89449139,"PICKUP",41.3690373,2.07991160000006
"1525",89449139,"DELIVERY",41.376746,2.0548619
"1526",89449354,"PICKUP",41.375455,2.13889859999995
"1527",89449354,"DELIVERY",41.3708091,2.1207789
"1528",89449511,"PICKUP",41.3918996,2.165823
"1529",89449511,"DELIVERY",41.3920429,2.1696238
"1530",89449571,"PICKUP",41.4480251,2.2436179
"1531",89449571,"DELIVERY",41.4408126,2.2447125
"1532",89451170,"PICKUP",41.4054993,2.1746571
"1533",89451170,"DELIVERY",41.3972768,2.15732
"1534",89451528,"DELIVERY",41.4209805,2.1733654
"1535",89451528,"PICKUP",41.4050073,2.1925084
"1536",89451730,"PICKUP",41.4292182,2.21137850000002
"1537",89451730,"DELIVERY",41.431688,2.224361
"1538",89451851,"PICKUP",41.4042043,2.17014610000001
"1539",89451851,"DELIVERY",41.4155251,2.1612763
"1540",89452205,"PICKUP",41.384757,2.1669944
"1541",89452205,"DELIVERY",41.3786094,2.1778293
"1542",89452437,"PICKUP",41.3819567,2.17235489999996
"1543",89452437,"DELIVERY",41.4042375,2.140931
"1544",89454383,"PICKUP",41.4406424,2.19883490000007
"1545",89454383,"DELIVERY",41.4309034,2.1940885
"1546",89454460,"PICKUP",41.3818876,2.15306290000001
"1547",89454460,"DELIVERY",41.3791878,2.1636607
"1548",89454989,"PICKUP",41.3876951,2.16237130000002
"1549",89454989,"DELIVERY",41.3860435,2.1809039
"1550",89455899,"PICKUP",41.3860521,2.176157
"1551",89455899,"DELIVERY",41.3878409,2.1439672
"1552",89456227,"PICKUP",41.4362253,2.1898387
"1553",89456227,"DELIVERY",41.4426243,2.1761541
"1554",89456243,"PICKUP",41.4428965,2.2300312
"1555",89456243,"DELIVERY",41.4387231,2.2220533
"1556",89457105,"PICKUP",41.4051434,2.1462623
"1557",89457105,"DELIVERY",41.4082996,2.1568236
"1558",89457163,"PICKUP",41.4556763,2.22767969999995
"1559",89457163,"DELIVERY",41.4523412584944,2.23615430295467
"1560",89457501,"PICKUP",41.4480251,2.2436179
"1561",89457501,"DELIVERY",41.4382904,2.224285
"1562",89458711,"PICKUP",41.4048871,2.17458329999999
"1563",89458711,"DELIVERY",41.3995446,2.1758047
"1564",89459984,"PICKUP",41.40139,2.1534707
"1565",89459984,"DELIVERY",41.4157593,2.1478568
"1566",89459985,"PICKUP",41.4428965,2.2300312
"1567",89459985,"DELIVERY",41.4383648,2.2229172
"1568",89460198,"PICKUP",41.3933341,2.1882805
"1569",89460198,"DELIVERY",41.3946768,2.187499
"1570",89460640,"PICKUP",41.3809398,2.14129049999997
"1571",89460640,"DELIVERY",41.3745908,2.1325891
"1572",89460728,"PICKUP",41.375455,2.13889859999995
"1573",89460728,"DELIVERY",41.3819562,2.1493793
"1574",89460823,"PICKUP",41.4511356,2.20693219999998
"1575",89460823,"DELIVERY",41.4454284,2.2113903
"1576",89461881,"DELIVERY",41.4338067,2.1883857
"1577",89461881,"PICKUP",41.4064961,2.18606499999999
"1578",89462139,"PICKUP",41.35292,2.10625000000005
"1579",89462139,"DELIVERY",41.3516821,2.1168614
"1580",89464277,"PICKUP",41.4099585,2.21666089999997
"1581",89464277,"DELIVERY",41.4187246,2.2175111
"1582",89464933,"PICKUP",41.396103,2.1566673
"1583",89464933,"DELIVERY",41.3969116,2.154586
"1584",89466741,"PICKUP",41.3890471,2.14677019999999
"1585",89466741,"DELIVERY",41.3827534,2.151167
"1586",89467063,"PICKUP",41.4428965,2.2300312
"1587",89467063,"DELIVERY",41.4447,2.22162
"1588",89467899,"PICKUP",41.375972,2.12024180000003
"1589",89467899,"DELIVERY",41.380053,2.1261554
"1590",89468073,"PICKUP",41.4051434,2.1462623
"1591",89468073,"DELIVERY",41.3968385,2.1621946
"1592",89468086,"PICKUP",41.3762956,2.1493551
"1593",89468086,"DELIVERY",41.3629695,2.1406118
"1594",89468531,"PICKUP",41.4291758,2.16265410000005
"1595",89468531,"DELIVERY",41.4283127,2.1629889
"1596",89468654,"PICKUP",41.4355168,2.18048870000007
"1597",89468654,"DELIVERY",41.4416971,2.1865573
"1598",89469373,"PICKUP",41.3572561,2.127786
"1599",89469373,"DELIVERY",41.3626588,2.128775
"1600",89469538,"PICKUP",41.4555577,2.2274856
"1601",89469538,"DELIVERY",41.45574,2.22439
"1602",89469935,"PICKUP",41.3921326,2.14479819999997
"1603",89469935,"DELIVERY",41.3910904,2.1494368
"1604",89470026,"PICKUP",41.3928366,2.1694426
"1605",89470026,"DELIVERY",41.3978663,2.1841098
"1606",89470089,"PICKUP",41.398649,2.12002499999994
"1607",89470089,"DELIVERY",41.3943769,2.1240432
"1608",89470118,"PICKUP",41.3929833,2.15029949999996
"1609",89470118,"DELIVERY",41.3985919,2.1542874
"1610",89470731,"PICKUP",41.3945895,2.14740660000007
"1611",89470731,"DELIVERY",41.3912045,2.1432981
"1612",89470855,"PICKUP",41.4270112,2.18582609999999
"1613",89470855,"DELIVERY",41.439449,2.1999533
"1614",89470997,"PICKUP",41.3785463,2.17255850000004
"1615",89470997,"DELIVERY",41.3839402,2.1809064
"1616",89471168,"PICKUP",41.3868362,2.13669670000002
"1617",89471168,"DELIVERY",41.3743309,2.1409372
"1618",89471489,"PICKUP",41.379537,2.0662392
"1619",89471489,"DELIVERY",41.3802595,2.0676687
"1620",89471686,"PICKUP",41.393632,2.16640299999995
"1621",89471686,"DELIVERY",41.384801,2.1500985
"1622",89471812,"PICKUP",41.4270112,2.18582609999999
"1623",89471812,"DELIVERY",41.4212943,2.1997578
"1624",89472168,"PICKUP",41.3881544,2.170278
"1625",89472168,"DELIVERY",41.3945087,2.1809686
"1626",89472227,"PICKUP",41.4469567,2.25018990000001
"1627",89472227,"DELIVERY",41.4584784,2.2415608
"1628",89472383,"PICKUP",41.4469567,2.25018990000001
"1629",89472383,"DELIVERY",41.4478186044829,2.24432699382305
"1630",89472580,"PICKUP",41.4362253,2.1898387
"1631",89472580,"DELIVERY",41.4237642,2.1890327
"1632",89473220,"PICKUP",41.4355168,2.18048870000007
"1633",89473220,"DELIVERY",41.4281881,2.1824461
"1634",89474918,"PICKUP",41.3930371,2.1306525
"1635",89474918,"DELIVERY",41.4054139,2.1374479
"1636",89475422,"PICKUP",41.4304785,2.17161099999998
"1637",89475422,"DELIVERY",41.4384654,2.1927542
"1638",89475583,"PICKUP",41.3921326,2.14479819999997
"1639",89475583,"DELIVERY",41.3914426,2.1261908
"1640",89476128,"PICKUP",41.4292182,2.21137850000002
"1641",89476128,"DELIVERY",41.4353494,2.2126008
"1642",89479689,"PICKUP",41.3561262,2.06686439999999
"1643",89479689,"DELIVERY",41.36132,2.06066
"1644",89480102,"PICKUP",41.40139,2.1534707
"1645",89480102,"DELIVERY",41.4242123569509,2.15103540569544
"1646",89480277,"PICKUP",41.4051434,2.1462623
"1647",89480277,"DELIVERY",41.3968961,2.1526937
"1648",89480489,"PICKUP",41.443268,2.23019399999998
"1649",89480489,"DELIVERY",41.4414779,2.2376393
"1650",89480496,"PICKUP",41.3747927,2.16642720000004
"1651",89480496,"DELIVERY",41.3789832,2.1662329
"1652",89480912,"DELIVERY",41.4553845,2.2572786
"1653",89480912,"PICKUP",41.4469567,2.25018990000001
"1654",89481442,"PICKUP",41.374782,2.1684911
"1655",89481442,"DELIVERY",41.3714128,2.1614819
"1656",89481697,"PICKUP",41.40139,2.1534707
"1657",89481697,"DELIVERY",41.4134621,2.1397245
"1658",89481878,"PICKUP",41.4081448,2.17960489999996
"1659",89481878,"DELIVERY",41.4037972,2.213767
"1660",89482575,"PICKUP",41.3905401,2.14944719999994
"1661",89482575,"DELIVERY",41.3785516,2.1546554
"1662",89482748,"PICKUP",41.403863,2.1734701
"1663",89482748,"DELIVERY",41.4185513,2.1850739
"1664",89483057,"PICKUP",41.417304,2.20434460000001
"1665",89483057,"DELIVERY",41.4096495,2.2107783
"1666",89483107,"PICKUP",41.3572561,2.127786
"1667",89483107,"DELIVERY",41.3641329,2.1212409
"1668",89483307,"PICKUP",41.4292182,2.21137850000002
"1669",89483307,"DELIVERY",41.4467186,2.2060333
"1670",89483885,"PICKUP",41.4556763,2.22767969999995
"1671",89483885,"DELIVERY",41.4594119,2.2392636
"1672",89484123,"PICKUP",41.4051434,2.1462623
"1673",89484123,"DELIVERY",41.4037137,2.1501434
"1674",89485995,"PICKUP",41.379537,2.0662392
"1675",89485995,"DELIVERY",41.382679,2.0778385
"1676",89486969,"PICKUP",41.3805245,2.1742704
"1677",89486969,"DELIVERY",41.3837324,2.180765
"1678",89487527,"PICKUP",41.4043632,2.1560945
"1679",89487527,"DELIVERY",41.3947321,2.1470252
"1680",89487716,"PICKUP",41.3577397,2.06670740000004
"1681",89487716,"DELIVERY",41.3589616,2.0959908
"1682",89488030,"PICKUP",41.3971541,2.1682035
"1683",89488030,"DELIVERY",41.4167112,2.165949
"1684",89488054,"PICKUP",41.3785897,2.139953
"1685",89488054,"DELIVERY",41.3740283,2.1422431
"1686",89488531,"PICKUP",41.4077423,2.1746898
"1687",89488531,"DELIVERY",41.3949165,2.181719
"1688",89488624,"PICKUP",41.3805245,2.1742704
"1689",89488624,"DELIVERY",41.3824783,2.1817457
"1690",89488643,"PICKUP",41.3881488,2.1730189
"1691",89488643,"DELIVERY",41.3844372,2.131527
"1692",89489023,"PICKUP",41.374782,2.1684911
"1693",89489023,"DELIVERY",41.3740896399474,2.16476898640394
"1694",89489701,"PICKUP",41.40139,2.1534707
"1695",89489701,"DELIVERY",41.4203433,2.1575657
"1696",89491276,"PICKUP",41.4048663,2.1920488
"1697",89491276,"DELIVERY",41.3965433,2.1924242
"1698",89491621,"PICKUP",41.398649,2.12002499999994
"1699",89491621,"DELIVERY",41.3904692,2.124275
"1700",89491833,"PICKUP",41.3892102,2.15128
"1701",89491833,"DELIVERY",41.387174,2.153341
"1702",89492298,"PICKUP",41.379537,2.0662392
"1703",89492298,"DELIVERY",41.3806129,2.0388587
"1704",89492980,"PICKUP",41.3951116,2.16823109999996
"1705",89492980,"DELIVERY",41.3995772,2.1795043
"1706",89493061,"PICKUP",41.4007937,2.15874250000002
"1707",89493061,"DELIVERY",41.4222046,2.1521469
"1708",89493603,"PICKUP",41.3774737,2.1238035
"1709",89493603,"DELIVERY",41.3592441179542,2.13239271193743
"1710",89493647,"PICKUP",41.4014883,2.21074709999994
"1711",89493647,"DELIVERY",41.3906601,2.1557299
"1712",89493754,"PICKUP",41.404667,2.1734983
"1713",89493754,"DELIVERY",41.3978133,2.1497117
"1714",89494634,"PICKUP",41.3583373,2.12939140000003
"1715",89494634,"DELIVERY",41.3626845,2.1292397
"1716",89494666,"PICKUP",41.3940186,2.1358618
"1717",89494666,"DELIVERY",41.3840647,2.1303838
"1718",89495068,"PICKUP",41.3908913,2.1520478
"1719",89495068,"DELIVERY",41.3966285,2.141917
"1720",89495687,"PICKUP",41.404667,2.1734983
"1721",89495687,"DELIVERY",41.4239858,2.1855279
"1722",89497128,"PICKUP",41.4035194,2.17605409999999
"1723",89497128,"DELIVERY",41.4083625,2.1545019
"1724",89498407,"PICKUP",41.4555577,2.2274856
"1725",89498407,"DELIVERY",41.4618048,2.243291
"1726",89498704,"PICKUP",41.3884366,2.15230610000003
"1727",89498704,"DELIVERY",41.3644716,2.1257114
"1728",89498779,"PICKUP",41.403863,2.1734701
"1729",89498779,"DELIVERY",41.4160707,2.1607376
"1730",89498985,"PICKUP",41.375972,2.12024180000003
"1731",89498985,"DELIVERY",41.3609161,2.1297615
"1732",89500058,"PICKUP",41.374782,2.1684911
"1733",89500058,"DELIVERY",41.3712884,2.1594797
"1734",89500245,"PICKUP",41.3815795,2.17313920000004
"1735",89500245,"DELIVERY",41.3863385,2.1764712
"1736",89501550,"PICKUP",41.3818876,2.15306290000001
"1737",89501550,"DELIVERY",41.3948797,2.1221033
"1738",89502463,"PICKUP",41.3794648,2.1318094
"1739",89502463,"DELIVERY",41.4056663,2.136889
"1740",89502766,"PICKUP",41.3924595,2.2035095
"1741",89502766,"DELIVERY",41.4050816,2.1972378
"1742",89506165,"PICKUP",41.396103,2.1566673
"1743",89506165,"DELIVERY",41.4123376,2.1410915
"1744",89506624,"PICKUP",41.3924595,2.2035095
"1745",89506624,"DELIVERY",41.3969012,2.1923714
"1746",89507233,"PICKUP",41.4428965,2.2300312
"1747",89507233,"DELIVERY",41.4474861,2.2116616
"1748",89508462,"PICKUP",41.403863,2.1734701
"1749",89508462,"DELIVERY",41.4227137,2.1556299
"1750",89508821,"PICKUP",41.3670127,2.13209110000003
"1751",89508821,"DELIVERY",41.3715397,2.1369051
"1752",89509475,"PICKUP",41.3770703,2.16377020000004
"1753",89509475,"DELIVERY",41.4148798,2.1649742
"1754",89510217,"PICKUP",41.4004789,2.17059859999995
"1755",89510217,"DELIVERY",41.3797837,2.1726365
"1756",89512002,"PICKUP",41.4072706,2.16791569999998
"1757",89512002,"DELIVERY",41.4127757,2.1792888
"1758",89512635,"PICKUP",41.4048871,2.17458329999999
"1759",89512635,"DELIVERY",41.4050812,2.1511596
"1760",89515999,"PICKUP",41.3754764,2.1273912
"1761",89515999,"DELIVERY",41.373873,2.1613315
"1762",89516482,"PICKUP",41.401122,2.180815
"1763",89516482,"DELIVERY",41.3952688,2.1788437
"1764",89518453,"PICKUP",41.3871505,2.167468
"1765",89518453,"DELIVERY",41.3921984,2.1584943
"1766",89518946,"PICKUP",41.375972,2.12024180000003
"1767",89518946,"DELIVERY",41.373969,2.112354
"1768",89519644,"PICKUP",41.3924595,2.2035095
"1769",89519644,"DELIVERY",41.39158,2.18976
"1770",89520200,"PICKUP",41.3818876,2.15306290000001
"1771",89520200,"DELIVERY",41.3609161,2.1297615
"1772",89521639,"PICKUP",41.3905744,2.1625085
"1773",89521639,"DELIVERY",41.3870175,2.1940123
"1774",89524606,"DELIVERY",41.4020398151676,2.11107552051544
"1775",89524606,"PICKUP",41.375972,2.12024180000003
"1776",89524927,"PICKUP",41.375972,2.12024180000003
"1777",89524927,"DELIVERY",41.3847756,2.1363314
"1778",89526184,"DELIVERY",41.3735680823008,2.10181687027216
"1779",89526184,"PICKUP",41.3702179,2.090199
"1780",89529793,"PICKUP",41.3924595,2.2035095
"1781",89529793,"DELIVERY",41.4133608,2.2084699
"1782",89530431,"PICKUP",41.3905744,2.1625085
"1783",89530431,"DELIVERY",41.4053117,2.1584438
"1784",89534657,"PICKUP",41.3702179,2.090199
"1785",89534657,"DELIVERY",41.3739933,2.1015577
"1786",89538533,"PICKUP",41.3874893,2.16784849999999
"1787",89538533,"DELIVERY",41.3879012,2.1452739
"1788",89542217,"PICKUP",41.3918996,2.165823
"1789",89542217,"DELIVERY",41.3882682,2.1591646
"1790",89542404,"PICKUP",41.4442228,2.18196779999994
"1791",89542404,"DELIVERY",41.4477933,2.1739685
"1792",89548225,"PICKUP",41.4055831,2.1915773
"1793",89548225,"DELIVERY",41.4084208,2.2082769
"1794",89549750,"PICKUP",41.40475,2.17395350000004
"1795",89549750,"DELIVERY",41.3881372,2.1770174
"1796",89550238,"PICKUP",41.4048663,2.1920488
"1797",89550238,"DELIVERY",41.4010722,2.1980445
"1798",89551714,"PICKUP",41.40236,2.17424
"1799",89551714,"DELIVERY",41.4072406,2.1778202
"1800",89555549,"PICKUP",41.402483,2.13870120000001
"1801",89555549,"DELIVERY",41.4135045,2.1383975
"1802",89556016,"PICKUP",41.3832343,2.17772709999997
"1803",89556016,"DELIVERY",41.4115764,2.1795126
"1804",89556555,"PICKUP",41.4355168,2.18048870000007
"1805",89556555,"DELIVERY",41.425276,2.1838384
"1806",89557902,"PICKUP",41.4355168,2.18048870000007
"1807",89557902,"DELIVERY",41.438155,2.1807831
"1808",89558163,"PICKUP",41.40139,2.1534707
"1809",89558163,"DELIVERY",41.4053117,2.1584438
"1810",89558219,"PICKUP",41.4055831,2.1915773
"1811",89558219,"DELIVERY",41.4009881,2.1978804
"1812",89560928,"PICKUP",41.4106827,2.1932764
"1813",89560928,"DELIVERY",41.431484,2.2336101
"1814",89561028,"PICKUP",41.3937286,2.144869
"1815",89561028,"DELIVERY",41.3962378,2.1545019
"1816",89561669,"PICKUP",41.4051512,2.1613741
"1817",89561669,"DELIVERY",41.4047856,2.1584191
"1818",89562527,"PICKUP",41.3952672,2.16654399999993
"1819",89562527,"DELIVERY",41.3887778,2.1314144
"1820",89565593,"PICKUP",41.3805245,2.1742704
"1821",89565593,"DELIVERY",41.3815193,2.1744311
"1822",89567404,"PICKUP",41.4106827,2.1932764
"1823",89567404,"DELIVERY",41.3792701,2.1907182
"1824",89568050,"PICKUP",41.4105983,2.13701449999996
"1825",89568050,"DELIVERY",41.4078874,2.1447981
"1826",89568735,"PICKUP",41.3880267,2.17255709999995
"1827",89568735,"DELIVERY",41.3884274,2.1641217
"1828",89568746,"PICKUP",41.3848932,2.18446280000001
"1829",89568746,"DELIVERY",41.3830825,2.1847413
"1830",89568865,"DELIVERY",41.4009881,2.1978804
"1831",89568865,"PICKUP",41.406594,2.20768
"1832",89568881,"PICKUP",41.4292182,2.21137850000002
"1833",89568881,"DELIVERY",41.4362101,2.2185689
"1834",89569904,"PICKUP",41.403863,2.1734701
"1835",89569904,"DELIVERY",41.4048871,2.1745833
"1836",89570464,"PICKUP",41.3762981,2.13600329999997
"1837",89570464,"DELIVERY",41.3708668,2.1431218
"1838",89572338,"PICKUP",41.3929833,2.15029949999996
"1839",89572338,"DELIVERY",41.3879510238497,2.14398454874754
"1840",89572375,"PICKUP",41.392079,2.14453860000003
"1841",89572375,"DELIVERY",41.3971917,2.1368533
"1842",89572405,"PICKUP",41.40139,2.1534707
"1843",89572405,"DELIVERY",41.404398,2.1348549
"1844",89572726,"PICKUP",41.4355168,2.18048870000007
"1845",89572726,"DELIVERY",41.4452256,2.1754051
"1846",89575177,"PICKUP",41.4036776,2.1573107
"1847",89575177,"DELIVERY",41.4100042,2.1602358
"1848",89577551,"PICKUP",41.3850984,2.1644771
"1849",89577551,"DELIVERY",41.4019352,2.1742377
"1850",89578384,"PICKUP",41.4511486,2.24791010000001
"1851",89578384,"DELIVERY",41.44952,2.23219
"1852",89578757,"PICKUP",41.3994386,2.1503663
"1853",89578757,"DELIVERY",41.4060245,2.1529306
"1854",89581010,"PICKUP",41.3810032,2.1679671
"1855",89581010,"DELIVERY",41.4075103,2.1692469
"1856",89581161,"PICKUP",41.3818876,2.15306290000001
"1857",89581161,"DELIVERY",41.3939577,2.1452247
"1858",89581222,"PICKUP",41.3890471,2.14677019999999
"1859",89581222,"DELIVERY",41.3904876,2.1541165
"1860",89582998,"PICKUP",41.3950248,2.1526201
"1861",89582998,"DELIVERY",41.3837024,2.1341129
"1862",89584924,"PICKUP",41.3675399,2.1268839
"1863",89584924,"DELIVERY",41.395873,2.1421937
"1864",89585826,"PICKUP",41.35292,2.10625000000005
"1865",89585826,"DELIVERY",41.3628086707268,2.10049219429493
"1866",89585935,"PICKUP",41.3905744,2.1625085
"1867",89585935,"DELIVERY",41.409277,2.157769
"1868",89587572,"PICKUP",41.409624,2.21650299999999
"1869",89587572,"DELIVERY",41.4120117,2.1995531
"1870",89588818,"PICKUP",41.3870191,2.15482810000003
"1871",89588818,"DELIVERY",41.3723437,2.1712091
"1872",89591587,"PICKUP",41.3971541,2.1682035
"1873",89591587,"DELIVERY",41.4015482,2.1465976
"1874",89591622,"PICKUP",41.4074448,2.17528630000004
"1875",89591622,"DELIVERY",41.4052379,2.2045637
"1876",89592557,"PICKUP",41.4430169,2.1746613
"1877",89592557,"DELIVERY",41.44752,2.18166
"1878",89592620,"PICKUP",41.4042043,2.17014610000001
"1879",89592620,"DELIVERY",41.3997451,2.1655269
"1880",89595906,"PICKUP",41.388358,2.14068939999993
"1881",89595906,"DELIVERY",41.3785509,2.1462906
"1882",89598914,"PICKUP",41.404286,2.1723332
"1883",89598914,"DELIVERY",41.3942907,2.1617704
"1884",89599976,"PICKUP",41.374203,2.1633111
"1885",89599976,"DELIVERY",41.3914093,2.1543676
"1886",89601832,"PICKUP",41.3971541,2.1682035
"1887",89601832,"DELIVERY",41.4352628,2.1580165
"1888",89602553,"PICKUP",41.4099658,2.2166369
"1889",89602553,"DELIVERY",41.4084599,2.2047428
"1890",89603636,"PICKUP",41.4048663,2.1920488
"1891",89603636,"DELIVERY",41.41717,2.18751
"1892",89608215,"PICKUP",41.3786048,2.1620784
"1893",89608215,"DELIVERY",41.373939,2.1653854
"1894",89608270,"PICKUP",41.3805245,2.1742704
"1895",89608270,"DELIVERY",41.3778273,2.1747994
"1896",89608281,"PICKUP",41.3994386,2.1503663
"1897",89608281,"DELIVERY",41.3955608,2.1464846
"1898",89609562,"PICKUP",41.3818876,2.15306290000001
"1899",89609562,"DELIVERY",41.3906562,2.1342692
"1900",89613963,"PICKUP",41.3963031,2.1842894
"1901",89613963,"DELIVERY",41.3961842,2.1750943
"1902",89614226,"PICKUP",41.3785897,2.139953
"1903",89614226,"DELIVERY",41.3762409,2.137509
"1904",89614490,"PICKUP",41.3971541,2.1682035
"1905",89614490,"DELIVERY",41.3933044,2.1864966
"1906",89614611,"PICKUP",41.3971541,2.1682035
"1907",89614611,"DELIVERY",41.3993962,2.1558449
"1908",89615196,"DELIVERY",41.3560822,2.1168344
"1909",89615196,"PICKUP",41.3554994,2.11818319999998
"1910",89619062,"PICKUP",41.3893491,2.13443689999997
"1911",89619062,"DELIVERY",41.426891,2.142992
"1912",89622547,"PICKUP",41.417304,2.20434460000001
"1913",89622547,"DELIVERY",41.4282572,2.1991019
"1914",89624520,"PICKUP",41.3910805,2.1236462
"1915",89624520,"DELIVERY",41.4253522,2.1372271
"1916",89631143,"DELIVERY",41.3940415,2.1136215
"1917",89631143,"PICKUP",41.4038526,2.14793110000005
"1918",89631278,"PICKUP",41.392867,2.15066469999999
"1919",89631278,"DELIVERY",41.3947863,2.1394796
"1920",89636397,"PICKUP",41.3832988,2.1591093
"1921",89636397,"DELIVERY",41.3785503,2.1457205
"1922",89637385,"PICKUP",41.4029797,2.15358040000001
"1923",89637385,"DELIVERY",41.4116658,2.1423883
"1924",89637646,"PICKUP",41.3892102,2.15128
"1925",89637646,"DELIVERY",41.3911601,2.1486992
"1926",89638597,"PICKUP",41.3577397,2.06670740000004
"1927",89638597,"DELIVERY",41.3782252201121,2.04665422439575
"1928",89639908,"PICKUP",41.388358,2.14068939999993
"1929",89639908,"DELIVERY",41.4017177,2.1811995
"1930",89641623,"PICKUP",41.4355168,2.18048870000007
"1931",89641623,"DELIVERY",41.4470878,2.1761919
"1932",89641842,"PICKUP",41.384757,2.1669944
"1933",89641842,"DELIVERY",41.3783949,2.1721801
"1934",89643126,"PICKUP",41.3775944,2.1788254
"1935",89643126,"DELIVERY",41.3976934,2.1933439
"1936",89645367,"PICKUP",41.390265,2.1736739
"1937",89645367,"DELIVERY",41.3979406,2.1887446
"1938",89646307,"PICKUP",41.4005195,2.17055740000001
"1939",89646307,"DELIVERY",41.3996127,2.1612371
"1940",89647056,"PICKUP",41.4077358,2.1478343
"1941",89647056,"DELIVERY",41.4109224,2.167976
"1942",89648188,"PICKUP",41.4355168,2.18048870000007
"1943",89648188,"DELIVERY",41.42422,2.16188
"1944",89648490,"PICKUP",41.393403,2.1594102
"1945",89648490,"DELIVERY",41.3729196,2.1471539
"1946",89650074,"PICKUP",41.403863,2.1734701
"1947",89650074,"DELIVERY",41.4073114,2.1630808
"1948",89650957,"PICKUP",41.4428965,2.2300312
"1949",89650957,"DELIVERY",41.4419157,2.2345458
"1950",89651772,"PICKUP",41.4040284,2.1734993
"1951",89651772,"DELIVERY",41.3954382123133,2.1704039722681
"1952",89653840,"PICKUP",41.375972,2.12024180000003
"1953",89653840,"DELIVERY",41.3676261,2.1177925
"1954",89655799,"DELIVERY",41.4088387,2.1952835
"1955",89655799,"PICKUP",41.3971541,2.1682035
"1956",89656115,"PICKUP",41.3837503,2.1361335
"1957",89656115,"DELIVERY",41.4000126,2.1198674
"1958",89656571,"DELIVERY",41.4160281,2.1952101
"1959",89656571,"PICKUP",41.4048663,2.1920488
"1960",89656619,"PICKUP",41.3832998,2.16346590000001
"1961",89656619,"DELIVERY",41.3819246,2.156788
"1962",89657517,"DELIVERY",41.45068,2.2296299
"1963",89657517,"PICKUP",41.4476289,2.2324493
"1964",89658309,"PICKUP",41.3905614,2.1566464
"1965",89658309,"DELIVERY",41.4027994,2.1371273
"1966",89658700,"PICKUP",41.3980589,2.15281909999999
"1967",89658700,"DELIVERY",41.4077661,2.1360861
"1968",89662620,"PICKUP",41.3963031,2.1842894
"1969",89662620,"DELIVERY",41.3896994,2.1797468
"1970",89663740,"PICKUP",41.4355168,2.18048870000007
"1971",89663740,"DELIVERY",41.4440041,2.1807937
"1972",89663886,"PICKUP",41.393632,2.16640299999995
"1973",89663886,"DELIVERY",41.3962231,2.1551025
"1974",89666113,"PICKUP",41.3929833,2.15029949999996
"1975",89666113,"DELIVERY",41.3619366,2.0952339
"1976",89666681,"PICKUP",41.4355168,2.18048870000007
"1977",89666681,"DELIVERY",41.435768,2.1733859
"1978",89667869,"PICKUP",41.4048871,2.17458329999999
"1979",89667869,"DELIVERY",41.4072995,2.1683544
"1980",89668440,"PICKUP",41.4105983,2.13701449999996
"1981",89668440,"DELIVERY",41.3988097,2.1406157
"1982",89668852,"PICKUP",41.4099658,2.21663690000003
"1983",89668852,"DELIVERY",41.4102082,2.2113926
"1984",89669149,"PICKUP",41.3755138,2.1611276
"1985",89669149,"DELIVERY",41.3808863,2.1331875
"1986",89670222,"PICKUP",41.3785897,2.139953
"1987",89670222,"DELIVERY",41.3688425,2.1412973
"1988",89670647,"PICKUP",41.4002065,2.20356089999996
"1989",89670647,"DELIVERY",41.4015074,2.2088579
"1990",89670848,"PICKUP",41.3960295,2.1369568
"1991",89670848,"DELIVERY",41.3970403,2.17226289999996
"1992",89671094,"DELIVERY",41.3890827,2.1802305
"1993",89671094,"PICKUP",41.3770703,2.16377020000004
"1994",89671141,"PICKUP",41.398649,2.12002499999994
"1995",89671141,"DELIVERY",41.3937966,2.1546206
"1996",89671246,"DELIVERY",41.42583,2.20197
"1997",89671246,"PICKUP",41.4292182,2.21137850000002
"1998",89673341,"PICKUP",41.4396327,2.19805080000003
"1999",89673341,"DELIVERY",41.4497138,2.2150654
"2000",89673441,"PICKUP",41.379537,2.0662392
"2001",89673441,"DELIVERY",41.3810441,2.0444842
