"","id","first_order_id","registration_date"
"1",27794,4369678,2015-12-27 22:09:14
"2",10418502,21524154,2018-12-07 17:57:47
"3",12096535,25486389,2019-01-12 16:19:52
"4",17571425,51822196,2019-05-03 19:01:06
"5",208503,833541,2016-11-12 16:13:47
"6",426921,8163811,2017-03-31 17:46:36
"7",1018675,2282786,2017-10-25 09:28:55
"8",14086452,76931488,2019-02-17 21:37:50
"9",22903693,62100486,2019-09-02 11:47:23
"10",23654821,95342765,2019-09-15 00:26:03
"11",27693182,79824660,2019-11-22 19:36:53
"12",5672020,12515883,2018-09-02 15:31:47
"13",12995630,27650784,2019-01-29 19:43:32
"14",8013532,16798831,2018-10-25 17:46:56
"15",15474126,34266159,2019-03-16 12:00:22
"16",16707500,38326733,2019-04-11 18:22:10
"17",23402493,63751623,2019-09-10 19:29:56
"18",30575016,95267162,2020-01-13 19:31:41
"19",1380191,3476334,2017-12-30 19:25:28
"20",31567909,96511974,2020-02-01 02:53:41
"21",380560,561309,2017-03-04 13:18:36
"22",969797,2138792,2017-10-14 14:08:08
"23",6881079,22245631,2018-10-03 22:26:34
"24",26071807,73132895,2019-10-25 12:04:13
"25",28476288,83250020,2019-12-06 18:46:26
"26",31612603,96686247,2020-02-01 19:32:02
"27",686125,1297240,2017-07-17 12:50:39
"28",9523011,19715793,2018-11-21 17:47:39
"29",27948670,81921870,2019-11-27 06:32:49
"30",3267321,8073894,2018-06-03 17:18:46
"31",67398,42791,2016-03-05 22:19:59
"32",16850835,42857756,2019-04-14 19:24:27
"33",13099080,27915663,2019-01-31 20:35:18
"34",1719454,4419923,2018-02-11 19:12:00
"35",24325661,66923228,2019-09-26 12:13:35
"36",27940219,80845235,2019-11-26 22:54:03
"37",1604055,4117597,2018-01-30 21:11:00
"38",31586765,96582472,2020-02-01 13:53:52
"39",504515,890437,2017-05-18 19:21:00
"40",1937734,5385538,2018-03-04 22:26:50
"41",19265530,48451787,2019-06-15 17:35:53
"42",2129606,5471353,2018-03-20 21:37:18
"43",22462589,60926191,2019-08-25 07:40:35
"44",466971,779106,2017-04-27 20:01:09
"45",1286674,3135506,2017-12-11 20:24:56
"46",4374898,22090206,2018-07-27 20:59:53
"47",21073246,55149106,2019-07-24 19:53:06
"48",70139,680331,2016-03-13 11:12:20
"49",19693367,49990620,2019-06-24 19:47:13
"50",23213305,69081545,2019-09-07 20:38:32
"51",446644,910182,2017-04-12 18:22:33
"52",31567981,96510125,2020-02-01 02:56:48
"53",3800964,9291905,2018-06-28 11:56:28
"54",3575701,25689317,2018-06-16 21:44:38
"55",5233033,13108026,2018-08-23 16:05:07
"56",26732460,87777903,2019-11-05 12:52:47
"57",218727,567438,2016-11-17 19:36:41
"58",23350016,63824108,2019-09-09 20:44:12
"59",45564,5815115,2016-02-06 09:54:41
"60",146227,88447308,2016-09-13 11:35:32
"61",409790,626702,2017-03-22 21:15:11
"62",1607397,5719926,2018-01-31 12:53:16
"63",193386,249617,2016-11-02 19:57:27
"64",4560993,10983249,2018-08-05 21:35:49
"65",31604976,96658871,2020-02-01 18:19:36
"66",582203,1056857,2017-06-16 19:58:59
"67",989411,2196117,2017-10-18 21:59:57
"68",10147694,20963702,2018-12-02 17:45:21
"69",19080553,63477766,2019-06-11 06:19:20
"70",160916,19362800,2016-10-05 06:38:20
"71",174536,361421,2016-10-22 17:20:33
"72",28447790,84110871,2019-12-06 10:29:54
"73",770142,25680966,2017-08-13 22:32:10
"74",22161140,59406642,2019-08-18 16:50:06
"75",927949,2005637,2017-10-04 13:01:40
"76",16803094,38689759,2019-04-13 20:11:47
"77",31164524,96724860,2020-01-24 19:52:54
"78",2186283,6010802,2018-03-25 14:37:22
"79",1110348,2559742,2017-11-11 12:27:06
"80",2632228,6668811,2018-04-28 18:08:17
"81",5999919,13109065,2018-09-11 18:16:49
"82",11205045,73525730,2018-12-21 19:44:57
"83",11305491,23532319,2018-12-23 18:28:09
"84",31586670,96578732,2020-02-01 13:52:27
"85",6720150,14418136,2018-09-30 09:09:57
"86",4354718,10577199,2018-07-26 20:52:32
"87",1253197,3036721,2017-12-07 08:00:14
"88",1169116,2946691,2017-11-22 01:00:00
"89",1136213,2636472,2017-11-15 21:19:47
"90",15066520,55694069,2019-03-08 14:40:58
"91",88757,269640,2016-04-09 16:16:33
"92",657270,1227033,2017-07-08 19:22:43
"93",736142,9651931,2017-07-31 19:51:45
"94",13129745,28405329,2019-02-01 14:15:34
"95",25665974,71903658,2019-10-18 12:54:15
"96",353674,42443869,2017-02-17 20:43:51
"97",1614572,11289614,2018-02-01 12:00:40
"98",1755623,4514287,2018-02-15 18:25:53
"99",9583686,93388177,2018-11-22 19:55:08
"100",11634816,26460379,2019-01-01 16:16:36
"101",12433531,26292226,2019-01-19 11:03:55
"102",23197180,63084404,2019-09-07 17:11:57
"103",26611964,85382313,2019-11-03 11:57:16
"104",10526037,41895367,2018-12-09 12:10:29
"105",19163804,48486226,2019-06-13 12:08:27
"106",4249621,10282035,2018-07-22 09:19:24
"107",811036,1646276,2017-09-01 11:13:31
"108",8068328,18237715,2018-10-26 18:20:18
"109",363163,32492830,2017-02-22 12:16:36
"110",8593676,17958899,2018-11-05 16:00:18
"111",1412828,3567458,2018-01-05 13:04:33
"112",8706574,20709805,2018-11-07 20:43:37
"113",501349,875161,2017-05-16 17:48:42
"114",1640893,4209359,2018-02-03 19:57:32
"115",4734726,14513039,2018-08-13 15:51:00
"116",7806760,83587967,2018-10-21 18:41:30
"117",18409327,79269513,2019-05-25 13:35:57
"118",24025194,65904953,2019-09-21 12:32:58
"119",12007312,25254253,2019-01-10 18:16:51
"120",43488,29096,2016-01-31 17:45:45
"121",12527370,96660569,2019-01-20 20:06:51
"122",15083519,33142330,2019-03-08 19:45:32
"123",17572159,41678968,2019-05-03 19:14:40
"124",22024922,59092035,2019-08-15 15:49:05
"125",25293494,70284665,2019-10-12 08:00:35
"126",27490845,78916340,2019-11-18 19:01:00
"127",29689677,89218058,2019-12-28 12:40:13
"128",31621770,96730652,2020-02-01 21:13:56
"129",30646838,92502882,2020-01-15 11:29:51
"130",20273213,52854139,2019-07-07 17:23:44
"131",30427713,91578734,2020-01-11 12:31:23
"132",373224,590148,2017-02-26 20:40:02
"133",450627,725646,2017-04-16 11:00:17
"134",561253,1074386,2017-06-09 19:38:12
"135",791235,1577542,2017-08-23 13:56:26
"136",2017411,5199462,2018-03-11 21:19:37
"137",30534921,92032708,2020-01-12 21:58:46
"138",1889035,4878511,2018-03-01 19:32:57
"139",378933,554175,2017-03-03 12:21:27
"140",156531,190831,2016-09-28 10:11:34
"141",21756991,57807838,2019-08-09 09:15:38
"142",25819833,72172154,2019-10-20 17:03:31
"143",673439,1265930,2017-07-13 20:00:06
"144",1282351,3122836,2017-12-10 21:41:23
"145",4549790,10953450,2018-08-05 13:55:04
"146",362191,522632,2017-02-21 19:10:59
"147",1284639,12349726,2017-12-11 13:53:54
"148",31616676,96699098,2020-02-01 20:12:59
"149",140666,216737,2016-09-03 11:41:13
"150",601776,1101194,2017-06-22 16:00:40
"151",440249,4589537,2017-04-08 11:27:10
"152",45457,6285670,2016-02-05 23:46:25
"153",365827,529391,2017-02-23 23:12:54
"154",2192632,96719761,2018-03-25 19:51:53
"155",4976765,11542027,2018-08-17 16:55:40
"156",14461565,41363778,2019-02-24 19:57:57
"157",1224021,2945820,2017-12-02 20:52:22
"158",2209703,6551176,2018-03-27 11:35:27
"159",684759,1335700,2017-07-16 20:23:32
"160",31615382,96698182,2020-02-01 19:59:59
"161",1904577,43658877,2018-03-02 22:07:03
"162",29337671,87215320,2019-12-21 19:14:34
"163",2148647,5495690,2018-03-22 18:37:02
"164",875421,1922941,2017-09-20 20:41:55
"165",881301,1862777,2017-09-22 18:27:45
"166",1916420,4942376,2018-03-03 19:08:45
"167",19900480,68446908,2019-06-29 18:02:33
"168",7355964,60418920,2018-10-13 16:03:16
"169",18866228,65969694,2019-06-06 08:12:22
"170",220884,278943,2016-11-19 04:37:00
"171",23070831,64365501,2019-09-05 15:31:05
"172",284911,96480280,2017-01-17 08:47:25
"173",13722990,29450746,2019-02-11 13:48:36
"174",30526200,91996260,2020-01-12 19:47:37
"175",31116258,96317582,2020-01-23 20:33:55
"176",7334062,15634757,2018-10-13 01:17:35
"177",17598371,57492929,2019-05-04 13:25:09
"178",617187,1851793,2017-06-26 18:58:12
"179",793466,1584067,2017-08-24 17:32:18
"180",1314942,3237808,2017-12-16 22:58:15
"181",17800435,42598753,2019-05-09 20:42:32
"182",28943696,85401716,2019-12-14 20:32:23
"183",2071423,26498776,2018-03-16 20:40:20
"184",1321398,3874721,2017-12-17 20:00:49
"185",357865,2376573,2017-02-19 15:27:52
"186",2902093,7284362,2018-05-14 14:29:08
"187",15740025,34946159,2019-03-20 19:48:39
"188",19297508,61539297,2019-06-16 07:34:12
"189",16546359,37718582,2019-04-07 13:57:58
"190",1108288,2554664,2017-11-10 21:14:02
"191",23247236,66525830,2019-09-08 11:54:22
"192",9259711,49643985,2018-11-17 14:08:16
"193",42292,30470,2016-01-29 00:20:52
"194",1373602,3450607,2017-12-29 12:39:46
"195",30662853,92587997,2020-01-15 17:21:26
"196",130761,150929,2016-07-30 12:20:00
"197",1657663,12842142,2018-02-04 21:29:16
"198",395916,967401,2017-03-15 10:47:33
"199",12241749,27028712,2019-01-15 11:27:37
"200",11763836,94275172,2019-01-04 20:19:48
"201",11929642,25071056,2019-01-08 19:50:49
"202",20108030,51550680,2019-07-04 03:06:23
"203",25037926,69323854,2019-10-07 14:49:43
"204",31047382,94209421,2020-01-22 14:04:32
"205",1776130,4582908,2018-02-17 21:46:34
"206",117614,110346,2016-06-17 12:46:46
"207",15179231,37745200,2019-03-10 13:45:06
"208",28881596,90403697,2019-12-13 21:06:27
"209",946950,2065705,2017-10-08 18:33:34
"210",4981232,25601764,2018-08-17 18:32:14
"211",15122065,37512570,2019-03-09 14:45:33
"212",1618514,4148472,2018-02-01 19:07:51
"213",469902,12534997,2017-04-29 15:02:15
"214",1536304,4462619,2018-01-22 17:16:46
"215",3775616,9109467,2018-06-26 19:04:50
"216",433120,1016174,2017-04-03 10:57:57
"217",4352331,10487003,2018-07-26 19:05:54
"218",5272888,11909503,2018-08-24 02:18:33
"219",1309065,3215568,2017-12-16 12:56:45
"220",2171750,7346450,2018-03-24 15:30:38
"221",31593172,96605646,2020-02-01 15:48:30
"222",20423548,52711017,2019-07-10 20:06:19
"223",24541773,67836028,2019-09-29 15:37:57
"224",506211,1156823,2017-05-19 18:48:53
"225",10367058,22621769,2018-12-06 18:57:55
"226",21825903,58095585,2019-08-10 19:36:17
"227",24413548,67227789,2019-09-27 20:46:48
"228",282103,975170,2017-01-14 10:55:37
"229",519259,977074,2017-05-26 15:16:29
"230",8172984,17102626,2018-10-28 13:47:09
"231",8557288,18354277,2018-11-04 19:45:49
"232",31563457,96490461,2020-02-01 00:28:05
"233",1120684,2590271,2017-11-12 18:26:06
"234",2540801,6631400,2018-04-22 12:26:49
"235",1992222,9987910,2018-03-10 12:17:34
"236",14779758,32307599,2019-03-02 21:48:25
"237",31589208,96589399,2020-02-01 14:37:26
"238",1245748,3076695,2017-12-06 09:28:04
"239",745027,1440279,2017-08-04 10:31:04
"240",284252,1237717,2017-01-16 09:35:19
"241",23630219,64529876,2019-09-14 18:06:41
"242",439625,700281,2017-04-07 20:16:00
"243",2753406,18715432,2018-05-06 11:36:15
"244",3593971,28224093,2018-06-17 18:08:28
"245",526040,947910,2017-05-29 08:25:00
"246",130034,243944,2016-07-27 18:52:06
"247",26787462,75967229,2019-11-06 15:25:54
"248",609619,1117914,2017-06-24 19:31:23
"249",17519663,41456800,2019-05-02 11:07:20
"250",1905008,4921385,2018-03-02 22:39:24
"251",2676164,59729696,2018-05-01 06:19:53
"252",5344745,12011691,2018-08-25 19:05:51
"253",25883969,72786983,2019-10-21 17:15:29
"254",812431,2158229,2017-09-01 18:58:51
"255",835378,1723347,2017-09-09 11:35:44
"256",1416245,5945464,2018-01-05 20:51:11
"257",5617849,13059371,2018-09-01 10:32:04
"258",21153180,55465550,2019-07-26 18:05:25
"259",30511291,91923146,2020-01-12 17:17:20
"260",31301107,95318144,2020-01-26 20:16:26
"261",8532780,17827515,2018-11-04 11:48:19
"262",2603739,7546358,2018-04-26 20:56:20
"263",31607469,96666566,2020-02-01 18:42:49
"264",50123,56284,2016-02-10 17:14:59
"265",747902,1448570,2017-08-05 11:24:19
"266",836187,23752342,2017-09-09 15:00:51
"267",1573502,21622027,2018-01-27 17:40:10
"268",3865666,9866830,2018-07-01 20:19:42
"269",20234595,52047621,2019-07-06 22:24:38
"270",21849138,96504539,2019-08-11 08:48:20
"271",16100583,37101154,2019-03-28 13:03:40
"272",24455,883854,2015-12-15 10:06:57
"273",15210595,96718119,2019-03-10 21:24:22
"274",5069445,11683585,2018-08-19 21:08:29
"275",28229752,82144403,2019-12-01 22:17:55
"276",1071866,2443949,2017-11-04 08:14:22
"277",10541149,30602868,2018-12-09 17:06:24
"278",5959075,13032515,2018-09-10 11:10:13
"279",4478951,11754876,2018-08-01 21:52:48
"280",17263458,40434792,2019-04-25 20:19:43
"281",155937,6725526,2016-09-27 08:58:45
"282",9312110,20009443,2018-11-18 01:43:59
"283",1972722,5095243,2018-03-08 17:05:32
"284",213855,284311,2016-11-14 14:28:14
"285",810131,2821607,2017-08-31 19:40:59
"286",5931242,12979724,2018-09-09 17:13:51
"287",1272574,3091219,2017-12-09 20:24:04
"288",23846533,65796058,2019-09-18 10:48:42
"289",229530,405487,2016-11-23 18:37:32
"290",698024,4720284,2017-07-21 13:41:57
"291",3297941,8387020,2018-06-05 06:14:47
"292",4410046,10622942,2018-07-29 13:44:32
"293",991928,2202165,2017-10-19 17:49:00
"294",23301630,63434699,2019-09-09 00:10:10
"295",24886152,68830296,2019-10-05 13:55:25
"296",18469083,45247590,2019-05-26 17:29:22
"297",2452622,96687699,2018-04-15 16:51:15
"298",2735838,27180044,2018-05-05 09:36:15
"299",166847,211787,2016-10-13 08:07:52
"300",2184920,5590532,2018-03-25 12:41:17
"301",27365695,78408401,2019-11-16 19:39:48
"302",9737678,21105561,2018-11-25 13:08:19
"303",253004,1683526,2016-12-07 19:33:45
"304",1001174,2255312,2017-10-21 18:07:54
"305",28374121,86153063,2019-12-04 20:15:16
"306",47169,10943816,2016-02-07 20:41:53
"307",6130732,13372222,2018-09-15 19:24:37
"308",17224184,52998556,2019-04-24 18:20:34
"309",30909526,96662257,2020-01-19 19:20:36
"310",10492280,21685911,2018-12-08 20:28:16
"311",1771493,4569886,2018-02-17 17:28:58
"312",76600,57986,2016-03-27 15:02:29
"313",25424992,91249492,2019-10-13 21:43:57
"314",31048282,95531013,2020-01-22 14:25:21
"315",374720,121347169,2017-02-27 20:21:49
"316",17336403,40752970,2019-04-27 20:20:11
"317",22861415,62011806,2019-09-01 17:43:32
"318",20595188,53353895,2019-07-14 13:15:42
"319",3853489,9316285,2018-07-01 11:20:58
"320",15956749,35620188,2019-03-24 21:01:38
"321",1464502,3732539,2018-01-13 12:35:48
"322",408482,1381098,2017-03-22 08:54:56
"323",713195,41774156,2017-07-25 16:01:28
"324",9529682,19731381,2018-11-21 19:25:10
"325",6788885,14846282,2018-10-01 19:11:28
"326",616280,1129541,2017-06-26 13:27:48
"327",4077348,9891200,2018-07-13 20:08:37
"328",22748218,78112044,2019-08-30 20:43:55
"329",31607374,96663928,2020-02-01 18:41:58
"330",585721,1064115,2017-06-17 19:20:49
"331",24035069,65935049,2019-09-21 15:21:08
"332",1637669,4199597,2018-02-03 16:52:54
"333",733114,76736679,2017-07-30 19:52:28
"334",1286622,3135299,2017-12-11 20:18:01
"335",1362800,3411364,2017-12-26 19:37:18
"336",1989774,5185357,2018-03-10 01:39:06
"337",4831142,11414594,2018-08-15 12:25:20
"338",16963098,89685072,2019-04-17 21:26:18
"339",25820903,72172714,2019-10-20 17:11:47
"340",857748,15703574,2017-09-15 19:39:39
"341",5819693,12751149,2018-09-06 11:00:28
"342",30118980,90336721,2020-01-05 11:19:35
"343",20183989,51858081,2019-07-05 22:04:16
"344",8040666,21616157,2018-10-26 02:01:23
"345",23711350,64810449,2019-09-15 19:07:39
"346",28670479,90605586,2019-12-09 18:40:29
"347",31570678,96527130,2020-02-01 05:52:55
"348",31615182,96701309,2020-02-01 19:58:01
"349",1687533,4358188,2018-02-08 18:15:36
"350",487866,837015,2017-05-08 19:52:31
"351",25116341,69984780,2019-10-08 23:31:19
"352",796666,1656483,2017-08-26 04:49:55
"353",1167331,44476073,2017-11-21 18:08:48
"354",17047364,39603495,2019-04-19 23:01:50
"355",20995335,54854184,2019-07-22 21:05:04
"356",1799463,4647842,2018-02-20 19:43:16
"357",20935216,66582175,2019-07-21 17:52:05
"358",29738633,91257118,2019-12-29 08:08:26
"359",143637,30414947,2016-09-09 11:06:52
"360",2436551,83027366,2018-04-14 17:07:45
"361",13097064,36161419,2019-01-31 20:00:13
"362",30724702,92851875,2020-01-16 20:20:25
"363",14223,181954,2015-11-19 09:10:49
"364",294674,504974,2017-01-24 12:20:36
"365",209198,15037960,2016-11-12 18:37:06
"366",1933644,10643758,2018-03-04 19:18:37
"367",2879413,7242539,2018-05-13 13:42:28
"368",67603,5585668,2016-03-06 12:57:53
"369",8342362,25395622,2018-10-31 19:59:28
"370",17696303,42167326,2019-05-06 17:25:51
"371",1240173,8531975,2017-12-05 10:59:00
"372",14445198,31362948,2019-02-24 16:39:39
"373",25453205,85282869,2019-10-14 13:06:17
"374",22163888,73278241,2019-08-18 17:40:16
"375",5719053,12586505,2018-09-03 14:41:22
"376",15070317,33338604,2019-03-08 16:01:25
"377",527284,1010809,2017-05-29 21:40:02
"378",819293,3113766,2017-09-03 18:00:32
"379",3464065,10903946,2018-06-12 19:15:37
"380",5114975,92860214,2018-08-20 23:05:47
"381",6326637,15033346,2018-09-21 01:04:48
"382",14112267,30482995,2019-02-18 13:31:58
"383",14806518,32761310,2019-03-03 12:18:30
"384",803797,2480916,2017-08-28 19:04:51
"385",5862918,12843845,2018-09-07 19:11:53
"386",27645938,96717087,2019-11-21 21:52:03
"387",28907760,85234870,2019-12-14 12:14:11
"388",31434495,95900382,2020-01-29 17:51:12
"389",53252,361416,2016-02-13 21:57:35
"390",17658144,42186411,2019-05-05 18:07:16
"391",595178,1087657,2017-06-20 10:39:31
"392",1650860,4709396,2018-02-04 16:24:56
"393",2665334,96684361,2018-04-30 14:22:51
"394",2803420,8236404,2018-05-09 18:12:27
"395",6095077,54252995,2018-09-14 20:20:08
"396",10474439,79110464,2018-12-08 16:48:49
"397",18061369,43651683,2019-05-16 18:32:42
"398",27373374,78446469,2019-11-16 21:04:24
"399",31196398,95291846,2020-01-25 12:44:51
"400",2424427,45972540,2018-04-13 18:47:10
"401",1682095,4313961,2018-02-07 21:39:12
"402",4192701,10168500,2018-07-19 22:05:12
"403",7938987,17858647,2018-10-24 06:48:31
"404",1283992,3126069,2017-12-11 11:31:12
"405",15621709,35235959,2019-03-18 13:59:00
"406",254610,6153571,2016-12-08 22:39:16
"407",997270,28635498,2017-10-20 20:01:27
"408",1091261,2500986,2017-11-07 15:59:01
"409",2029706,5223800,2018-03-12 23:47:25
"410",17160111,40001090,2019-04-22 18:48:51
"411",654750,56460562,2017-07-08 00:56:05
"412",930225,2012972,2017-10-05 08:26:15
"413",4493180,46515785,2018-08-02 19:01:08
"414",12082183,25449931,2019-01-12 09:13:34
"415",26068105,79448806,2019-10-25 10:30:03
"416",31568757,96514094,2020-02-01 03:35:17
"417",31618331,96723841,2020-02-01 20:31:11
"418",14833188,45224814,2019-03-03 19:22:13
"419",222986,312463,2016-11-20 00:09:32
"420",14460134,31407217,2019-02-24 19:42:23
"421",4420317,11471520,2018-07-29 20:21:51
"422",1039597,2348840,2017-10-29 14:00:28
"423",1688907,4330649,2018-02-08 20:03:34
"424",2162965,5536794,2018-03-23 20:36:08
"425",4094658,9934640,2018-07-14 19:02:22
"426",26236469,73809519,2019-10-27 21:16:23
"427",268341,2252565,2016-12-25 02:01:37
"428",14878,281094,2015-11-21 17:31:23
"429",9617670,24524688,2018-11-23 14:33:08
"430",272309,575608,2017-01-01 00:13:26
"431",7395,213036,2015-09-29 18:36:04
"432",96604,627014,2016-04-25 07:56:15
"433",1092183,2503570,2017-11-07 19:21:44
"434",5634827,55325040,2018-09-01 19:20:13
"435",97373,72859,2016-04-27 07:25:31
"436",1492764,3814627,2018-01-16 21:13:48
"437",9353786,19414872,2018-11-18 19:07:49
"438",1853955,4800811,2018-02-26 14:19:42
"439",12589175,28256520,2019-01-22 00:18:19
"440",12617819,26728978,2019-01-22 18:18:48
"441",675106,1749957,2017-07-14 14:11:54
"442",3855779,9327308,2018-07-01 13:55:43
"443",24777443,68443541,2019-10-03 18:28:51
"444",27957749,80911643,2019-11-27 12:35:19
"445",1641366,4209568,2018-02-03 20:13:30
"446",75707,1116550,2016-03-25 08:19:09
"447",16508734,88057987,2019-04-06 19:00:34
"448",10225701,22317159,2018-12-03 22:47:12
"449",797464,4208096,2017-08-26 15:21:06
"450",4006251,10137248,2018-07-09 16:25:19
"451",12658036,26824549,2019-01-23 16:21:04
"452",665053,1295294,2017-07-10 19:29:18
"453",1272341,3090741,2017-12-09 20:11:39
"454",11212821,24245095,2018-12-21 21:42:26
"455",23606043,68417739,2019-09-14 12:04:12
"456",11642990,24311922,2019-01-01 18:48:17
"457",11499962,23972382,2018-12-28 20:12:13
"458",1629268,15555160,2018-02-02 19:57:27
"459",8166033,20524194,2018-10-28 10:24:58
"460",14520351,60995934,2019-02-25 22:23:05
"461",16656907,38121954,2019-04-10 09:44:49
"462",17684178,42564243,2019-05-06 09:05:58
"463",1469178,8164291,2018-01-13 19:55:47
"464",18012841,45028743,2019-05-15 10:36:10
"465",25882807,72406245,2019-10-21 16:57:31
"466",27400187,80076643,2019-11-17 11:16:01
"467",1455023,3840011,2018-01-11 22:12:20
"468",6447292,14481749,2018-09-23 19:58:04
"469",2227106,13237052,2018-03-28 20:49:53
"470",593777,1080698,2017-06-19 19:08:51
"471",114123,102515,2016-06-05 15:38:29
"472",71573,114013,2016-03-17 13:51:20
"473",341117,490905,2017-02-12 13:25:32
"474",974347,2312918,2017-10-15 11:49:02
"475",1611777,4135157,2018-01-31 21:18:11
"476",23030546,62525786,2019-09-04 19:10:13
"477",30231473,90703040,2020-01-07 12:07:47
"478",1087316,2494593,2017-11-06 14:23:43
"479",28846013,84920362,2019-12-13 11:33:39
"480",14282690,30920695,2019-02-21 20:23:32
"481",13191263,28153491,2019-02-02 13:04:08
"482",14229075,30779428,2019-02-20 20:06:06
"483",18406741,45012870,2019-05-25 12:16:36
"484",20186176,66773653,2019-07-05 23:04:52
"485",25639575,74753132,2019-10-17 20:52:40
"486",31027710,94669034,2020-01-21 23:44:15
"487",25875215,72387057,2019-10-21 14:40:54
"488",15568666,34496276,2019-03-17 17:41:35
"489",14050660,31181524,2019-02-17 12:50:29
"490",8644210,18053563,2018-11-06 18:16:56
"491",361592,96703814,2017-02-21 11:28:26
"492",5372077,44700956,2018-08-26 10:05:10
"493",7796095,16437045,2018-10-21 16:16:00
"494",11301386,23523783,2018-12-23 17:18:27
"495",1227739,2956815,2017-12-03 13:22:34
"496",8388833,18481997,2018-11-01 17:47:02
"497",8007795,18280850,2018-10-25 16:04:14
"498",30497187,91868703,2020-01-12 13:47:07
"499",31299360,95314899,2020-01-26 19:59:08
"500",3682,2290156,2015-06-27 19:47:06
"501",6568109,14138353,2018-09-26 20:49:43
"502",718671,1389372,2017-07-26 22:46:04
"503",146979,174525,2016-09-14 15:10:16
"504",1630466,7768181,2018-02-02 20:48:56
"505",911793,1974763,2017-09-30 15:15:13
"506",30625737,92421072,2020-01-14 20:27:37
"507",386496,574837,2017-03-08 17:34:42
"508",4648,36486502,2015-07-24 13:28:24
"509",7359388,83050110,2018-10-13 17:09:25
"510",1057508,2402789,2017-11-01 17:38:15
"511",23899972,65457107,2019-09-19 11:10:31
"512",30345980,91210524,2020-01-09 19:41:29
"513",3485166,9229271,2018-06-13 17:47:45
"514",614906,1126833,2017-06-25 20:29:10
"515",27664048,79659875,2019-11-22 11:17:35
"516",672237,1450595,2017-07-13 14:30:36
"517",7290317,32208209,2018-10-12 12:08:33
"518",818943,1672386,2017-09-03 16:57:42
"519",8191358,17139114,2018-10-28 18:47:07
"520",31563580,96486482,2020-02-01 00:31:14
"521",1683996,4454050,2018-02-08 08:38:28
"522",2767030,7240541,2018-05-06 22:57:59
"523",6486478,14141308,2018-09-24 19:16:32
"524",24008964,65853467,2019-09-21 03:41:49
"525",31229319,95034943,2020-01-25 20:04:42
"526",12577080,26644742,2019-01-21 20:01:49
"527",749565,1453360,2017-08-05 19:44:04
"528",104613,50821681,2016-05-11 16:06:17
"529",9971909,30417892,2018-11-29 20:43:55
"530",15034048,36596870,2019-03-07 19:52:19
"531",23190725,78579550,2019-09-07 15:35:35
"532",28588930,83727308,2019-12-08 13:36:59
"533",25187136,78912484,2019-10-10 11:58:30
"534",85363,57907,2016-04-02 21:54:14
"535",4108870,9986594,2018-07-15 13:17:03
"536",531499,1088853,2017-06-01 13:26:43
"537",18182159,44134551,2019-05-19 15:04:27
"538",24908662,68905212,2019-10-05 18:39:57
"539",1037123,38501878,2017-10-28 23:22:14
"540",1225684,59776845,2017-12-03 00:26:14
"541",2843839,7172094,2018-05-11 20:33:35
"542",4584657,11207061,2018-08-07 10:20:12
"543",13948865,30051184,2019-02-15 19:18:38
"544",10041894,35412119,2018-11-30 23:44:32
"545",131641,157381,2016-08-02 08:40:37
"546",301023,441684,2017-01-27 16:56:19
"547",2029137,9181899,2018-03-12 22:33:34
"548",8558635,18646605,2018-11-04 20:00:45
"549",17800794,42937310,2019-05-09 20:53:41
"550",140516,356109,2016-09-02 20:12:45
"551",379743,557010,2017-03-03 20:37:10
"552",801095,1609527,2017-08-27 18:26:52
"553",20648946,53696674,2019-07-15 11:43:33
"554",1192794,2835478,2017-11-26 19:52:42
"555",362350,523103,2017-02-21 20:18:16
"556",1269654,3083191,2017-12-09 16:00:52
"557",22698265,61582687,2019-08-29 23:23:14
"558",4448659,10711015,2018-07-31 09:21:34
"559",1261,1188,2015-03-27 20:42:43
"560",4632671,11139618,2018-08-09 20:02:50
"561",22727202,61481513,2019-08-30 15:28:01
"562",31493298,96331536,2020-01-30 20:48:40
"563",835201,1827812,2017-09-09 10:51:47
"564",9997877,20651467,2018-11-30 11:07:48
"565",874103,1910321,2017-09-20 15:31:00
"566",13434168,28712013,2019-02-06 14:36:26
"567",712894,1362168,2017-07-25 13:56:41
"568",7680,74395703,2015-10-01 21:07:05
"569",6203117,13494511,2018-09-17 11:36:13
"570",5177072,11822942,2018-08-22 17:08:48
"571",391054,589180,2017-03-12 13:34:26
"572",875744,1846496,2017-09-21 03:38:34
"573",20529347,75045961,2019-07-13 04:19:37
"574",277574,2472446,2017-01-07 17:58:10
"575",3208305,55129303,2018-05-31 18:22:23
"576",12915921,29419815,2019-01-28 00:16:20
"577",23404808,63753865,2019-09-10 20:08:13
"578",4304872,10383977,2018-07-24 12:10:01
"579",11381648,24613833,2018-12-25 20:19:22
"580",1529233,3919799,2018-01-21 19:00:18
"581",102947,81477,2016-05-07 16:29:32
"582",272456,380127,2017-01-01 12:15:13
"583",4094999,9934638,2018-07-14 19:15:50
"584",31539043,96379990,2020-01-31 18:47:07
"585",683645,3121743,2017-07-16 18:44:00
"586",344360,494395,2017-02-13 08:54:38
"587",770033,1518837,2017-08-13 21:23:22
"588",1545046,4343111,2018-01-23 21:28:16
"589",31334582,95472118,2020-01-27 15:28:29
"590",13949364,30073311,2019-02-15 19:25:10
"591",3913612,9472265,2018-07-04 18:16:33
"592",29599004,88227609,2019-12-26 18:19:32
"593",608177,1176917,2017-06-24 15:34:50
"594",16444073,37327027,2019-04-05 13:13:12
"595",1769594,8196025,2018-02-17 13:24:27
"596",4632777,53603459,2018-08-09 20:07:35
"597",350641,6621155,2017-02-16 06:26:48
"598",699380,1329965,2017-07-21 19:18:55
"599",929298,20339591,2017-10-04 19:18:05
"600",6642372,14276870,2018-09-28 19:31:46
"601",30575903,92210973,2020-01-13 19:46:07
"602",5803497,12723008,2018-09-05 19:46:16
"603",2399965,6487246,2018-04-11 18:37:40
"604",30876957,93512675,2020-01-19 12:47:54
"605",1045592,2923468,2017-10-30 13:09:25
"606",11961595,25145255,2019-01-09 16:41:04
"607",23565504,64308185,2019-09-13 18:28:05
"608",28832281,84861138,2019-12-13 00:04:38
"609",124830,3463717,2016-07-11 13:08:27
"610",19823600,96711548,2019-06-27 23:57:08
"611",25285078,70532639,2019-10-12 01:22:23
"612",14272274,96687188,2019-02-21 17:42:40
"613",3261928,11831346,2018-06-03 13:11:11
"614",27524013,79051565,2019-11-19 14:00:56
"615",689815,1306983,2017-07-18 18:32:31
"616",2698927,9218688,2018-05-02 13:05:29
"617",24353502,67005420,2019-09-26 20:28:41
"618",31578526,96550345,2020-02-01 11:20:02
"619",903683,1928751,2017-09-28 14:35:59
"620",6312392,13682104,2018-09-20 18:20:06
"621",1264466,3068556,2017-12-08 19:59:34
"622",14540685,31617487,2019-02-26 12:57:16
"623",15507554,39581571,2019-03-16 20:21:47
"624",19673154,49907702,2019-06-24 12:00:58
"625",3677903,50709358,2018-06-22 07:51:07
"626",24193178,66460638,2019-09-23 20:16:54
"627",746347,17731120,2017-08-04 18:51:08
"628",660676,4143942,2017-07-09 17:14:43
"629",26504219,96688364,2019-11-01 20:11:10
"630",18421,23438867,2015-11-25 17:39:19
"631",162480,203714,2016-10-07 19:13:51
"632",165119,208488,2016-10-11 11:08:34
"633",379515,556023,2017-03-03 19:29:08
"634",6713242,18495488,2018-09-30 01:43:01
"635",31609640,96668654,2020-02-01 19:03:29
"636",21278596,55945565,2019-07-29 02:48:21
"637",1138536,2642813,2017-11-16 16:42:19
"638",285792,416521,2017-01-18 11:12:55
"639",276959,467606,2017-01-06 21:18:47
"640",18847882,51789116,2019-06-05 18:37:56
"641",3390184,30777276,2018-06-09 20:43:47
"642",434826,1183260,2017-04-04 16:57:24
"643",279628,433849,2017-01-10 13:30:25
"644",344426,1041704,2017-02-13 09:25:46
"645",766866,2881225,2017-08-12 21:50:55
"646",92027,635494,2016-04-16 09:59:30
"647",1248916,3646923,2017-12-06 18:18:49
"648",17857688,42838293,2019-05-11 12:20:20
"649",17875768,42917222,2019-05-11 19:24:41
"650",28202914,82031405,2019-12-01 17:15:50
"651",7043157,15035962,2018-10-07 13:05:10
"652",66678,62686,2016-03-04 11:35:20
"653",2624892,6653333,2018-04-28 09:44:54
"654",8424840,17606187,2018-11-02 06:35:09
"655",649390,1207550,2017-07-06 18:35:14
"656",11825674,74930270,2019-01-06 10:52:31
"657",226082,284690,2016-11-21 12:07:52
"658",714065,1363652,2017-07-25 19:17:58
"659",835399,1724037,2017-09-09 11:40:41
"660",2001703,5159951,2018-03-10 21:59:30
"661",2839225,7157013,2018-05-11 18:07:26
"662",3743070,13122852,2018-06-25 02:12:27
"663",7298424,16221219,2018-10-12 15:36:37
"664",10600072,23547729,2018-12-10 16:51:08
"665",910427,1951040,2017-09-30 09:49:29
"666",14863558,32562218,2019-03-04 06:15:50
"667",757816,1476387,2017-08-08 19:39:14
"668",379842,29283814,2017-03-03 21:07:44
"669",10060924,82555876,2018-12-01 11:39:52
"670",785125,1557241,2017-08-20 16:00:16
"671",26229094,76233974,2019-10-27 19:39:35
"672",9667,4249928,2015-10-18 11:39:51
"673",1392287,21061204,2018-01-01 19:53:34
"674",4107839,12017202,2018-07-15 12:08:46
"675",5619847,12428256,2018-09-01 12:42:17
"676",7748710,16353997,2018-10-20 19:29:48
"677",24746124,72904178,2019-10-03 07:33:52
"678",43485,15223885,2016-01-31 17:30:34
"679",753732,4137542,2017-08-06 23:28:29
"680",174657,227122,2016-10-22 18:44:58
"681",1208460,2890299,2017-11-30 18:39:33
"682",10778914,22280439,2018-12-13 22:51:27
"683",12062748,25403024,2019-01-11 20:49:05
"684",16787248,38626366,2019-04-13 15:51:14
"685",22641689,66603230,2019-08-28 21:14:40
"686",279860,574231,2017-01-10 19:04:30
"687",583295,1287441,2017-06-17 08:53:36
"688",9574149,23523638,2018-11-22 17:19:43
"689",31491361,96663485,2020-01-30 20:15:07
"690",20235,566118,2015-11-29 17:34:36
"691",641668,1190111,2017-07-04 09:10:49
"692",990351,2197832,2017-10-19 10:59:22
"693",8146203,22304460,2018-10-27 22:39:23
"694",12217953,25775487,2019-01-14 19:55:00
"695",13216249,32109210,2019-02-02 19:29:42
"696",18614478,49587397,2019-05-30 18:11:20
"697",31593966,96670427,2020-02-01 16:01:29
"698",31625148,96739167,2020-02-01 22:11:17
"699",1587006,6132873,2018-01-28 19:05:10
"700",25747597,82224471,2019-10-19 17:35:06
"701",26899786,77480055,2019-11-08 18:24:33
"702",503737,1167306,2017-05-18 11:56:32
"703",3717115,8995764,2018-06-24 12:27:34
"704",6786547,14539239,2018-10-01 18:26:19
"705",19116,14257,2015-11-26 19:38:12
"706",451598,1738332,2017-04-16 20:10:06
"707",767889,1507344,2017-08-13 13:50:20
"708",16274683,38782484,2019-03-31 20:46:04
"709",31616389,96700146,2020-02-01 20:10:19
"710",10722,1697621,2015-10-24 16:44:27
"711",6128107,13364678,2018-09-15 18:34:03
"712",3550,3968,2015-06-25 09:15:16
"713",1091479,3823217,2017-11-07 17:02:53
"714",685131,61567993,2017-07-16 21:41:31
"715",966669,2128172,2017-10-13 18:37:30
"716",2867351,7221471,2018-05-12 20:57:03
"717",5254238,11895582,2018-08-23 21:34:24
"718",28755970,85940226,2019-12-11 14:57:23
"719",31615838,96699789,2020-02-01 20:04:27
"720",25696796,83618394,2019-10-18 20:54:38
"721",124965,128835,2016-07-12 07:41:53
"722",23108381,63272513,2019-09-06 07:32:14
"723",24905292,68895321,2019-10-05 18:05:08
"724",3469362,17172530,2018-06-12 22:29:50
"725",111758,97159,2016-05-29 06:23:52
"726",1044733,2363378,2017-10-30 04:30:58
"727",1483721,86915797,2018-01-15 11:26:23
"728",4109246,11180170,2018-07-15 13:41:02
"729",9163295,19051149,2018-11-15 22:08:34
"730",19815853,50446131,2019-06-27 19:58:19
"731",27892684,80632119,2019-11-25 22:11:35
"732",30976818,94124017,2020-01-20 23:35:52
"733",1471231,8665722,2018-01-13 21:30:38
"734",3248127,8033746,2018-06-02 19:54:11
"735",99379,97640,2016-04-29 22:58:38
"736",2000106,5154295,2018-03-10 20:42:10
"737",2157412,5522096,2018-03-23 14:35:44
"738",2756045,9309993,2018-05-06 14:47:20
"739",17365979,69536154,2019-04-28 16:22:07
"740",21325617,56114226,2019-07-30 08:38:04
"741",31518342,96285511,2020-01-31 13:08:49
"742",2211473,5649438,2018-03-27 15:01:12
"743",400960,610860,2017-03-18 16:17:15
"744",747985,1448811,2017-08-05 11:45:40
"745",1066199,2426006,2017-11-03 03:57:48
"746",233111,5594238,2016-11-26 15:53:01
"747",1433111,4231548,2018-01-07 20:52:30
"748",2106706,11732274,2018-03-18 23:52:30
"749",3246645,8025063,2018-06-02 19:09:37
"750",7288369,15537122,2018-10-12 11:02:08
"751",26277269,73959445,2019-10-28 18:05:15
"752",31623635,96734144,2020-02-01 21:44:13
"753",10459390,23673164,2018-12-08 10:31:57
"754",304573,883259,2017-01-28 20:47:38
"755",3794,3316,2015-06-30 22:03:06
"756",2208223,5708551,2018-03-27 05:37:06
"757",13987199,30150851,2019-02-16 12:23:12
"758",118945,124849,2016-06-21 22:16:54
"759",18197,21457,2015-11-25 13:29:46
"760",295969,3080170,2017-01-25 06:41:18
"761",829944,18830590,2017-09-07 17:16:15
"762",1115991,18001350,2017-11-11 22:44:14
"763",1227915,2958709,2017-12-03 13:40:40
"764",1474315,3759422,2018-01-14 12:05:06
"765",13363587,28559768,2019-02-05 00:15:47
"766",20712941,54361824,2019-07-16 19:55:59
"767",5852263,12816285,2018-09-07 13:34:39
"768",27429240,78661553,2019-11-17 18:17:27
"769",328552,1594801,2017-02-05 22:55:52
"770",660643,1234315,2017-07-09 17:08:50
"771",2342338,7483219,2018-04-07 12:10:53
"772",3041892,13055638,2018-05-21 19:42:53
"773",6157538,15968565,2018-09-16 11:59:22
"774",24983691,69157135,2019-10-06 17:55:49
"775",21782544,69642881,2019-08-09 20:08:25
"776",1029332,2324895,2017-10-27 19:20:44
"777",764845,1498344,2017-08-12 02:24:48
"778",2296814,70056866,2018-04-03 12:09:58
"779",834269,1720564,2017-09-08 20:44:51
"780",18674838,72083200,2019-06-01 09:03:21
"781",21026866,54958484,2019-07-23 17:39:00
"782",2070363,36127690,2018-03-16 19:56:28
"783",29213291,86634058,2019-12-19 18:01:57
"784",419608,1803017,2017-03-26 20:53:41
"785",12464069,26377034,2019-01-19 20:17:20
"786",169269,821152,2016-10-16 03:59:13
"787",1362832,4635451,2017-12-26 19:39:55
"788",3504819,8647751,2018-06-14 12:35:08
"789",7419791,15797447,2018-10-14 17:52:35
"790",9322985,30145416,2018-11-18 11:04:15
"791",283678,38160707,2017-01-15 17:59:52
"792",13072143,27833943,2019-01-31 11:17:42
"793",386456,574781,2017-03-08 16:57:37
"794",1695689,4348558,2018-02-09 18:09:19
"795",31573552,96526555,2020-02-01 08:51:05
"796",1519559,3892428,2018-01-20 19:54:49
"797",3816040,11331264,2018-06-29 09:50:48
"798",8102366,17827157,2018-10-27 08:24:06
"799",99469,4258763,2016-04-30 10:29:28
"800",496910,862734,2017-05-14 10:30:49
"801",815440,4173477,2017-09-02 18:07:43
"802",29719463,88750536,2019-12-28 20:49:49
"803",1142715,2656941,2017-11-17 15:27:46
"804",27054315,82880625,2019-11-10 21:00:13
"805",10107085,26507774,2018-12-01 23:14:55
"806",31195138,94887671,2020-01-25 12:20:07
"807",21329357,71267463,2019-07-30 11:00:53
"808",31547310,96678401,2020-01-31 20:13:45
"809",15380099,61278828,2019-03-14 19:14:46
"810",8560,618918,2015-10-08 00:23:16
"811",2342699,40561348,2018-04-07 12:43:14
"812",8443737,17654110,2018-11-02 18:17:18
"813",10264610,21190601,2018-12-04 19:33:21
"814",12198424,25726964,2019-01-14 12:04:45
"815",25144041,69704809,2019-10-09 15:25:26
"816",30990777,96725202,2020-01-21 11:32:29
"817",921860,53067167,2017-10-02 13:58:17
"818",6852732,21412005,2018-10-03 09:43:34
"819",274257,381782,2017-01-03 13:26:56
"820",581766,1055634,2017-06-16 19:12:45
"821",782113,1548183,2017-08-19 12:22:17
"822",547603,1571435,2017-06-05 17:08:07
"823",1985869,5116152,2018-03-09 20:21:13
"824",11203932,23287979,2018-12-21 19:29:04
"825",17189655,40116039,2019-04-23 17:20:44
"826",30809168,95176761,2020-01-18 13:12:48
"827",31587045,96580899,2020-02-01 13:58:34
"828",3245495,66193517,2018-06-02 18:31:54
"829",30837951,94627351,2020-01-18 19:31:13
"830",17263553,40432104,2019-04-25 20:21:51
"831",312934,476693,2017-01-31 21:41:11
"832",1885585,91736715,2018-03-01 14:40:40
"833",11408113,23734659,2018-12-26 15:13:13
"834",16548571,37726063,2019-04-07 14:53:24
"835",17165530,41048361,2019-04-22 20:58:02
"836",27560667,85058122,2019-11-20 08:33:02
"837",11320152,30390761,2018-12-23 22:26:27
"838",993177,2207489,2017-10-19 20:52:08
"839",27956377,82225904,2019-11-27 11:59:12
"840",18177822,44122267,2019-05-19 13:04:25
"841",136883,184391,2016-08-21 14:34:40
"842",836398,1726596,2017-09-09 16:13:28
"843",135358,194946,2016-08-15 13:16:29
"844",102073,79698,2016-05-05 13:00:07
"845",608768,1801830,2017-06-24 17:54:08
"846",3191176,7879527,2018-05-30 16:15:46
"847",31012387,94059733,2020-01-21 18:39:25
"848",17101215,39775244,2019-04-21 10:20:09
"849",1165322,2729814,2017-11-20 22:52:36
"850",7185702,63911452,2018-10-10 08:27:00
"851",28782579,84615573,2019-12-12 00:13:11
"852",6877583,19376625,2018-10-03 20:48:14
"853",6577139,14150996,2018-09-27 01:16:35
"854",12734,10899,2015-11-07 18:25:36
"855",559996,1008196,2017-06-09 15:11:08
"856",1252370,3482370,2017-12-06 22:23:58
"857",7290876,15544708,2018-10-12 12:25:47
"858",7845756,16525395,2018-10-22 13:44:22
"859",22928555,81843377,2019-09-02 19:50:58
"860",3885944,47514764,2018-07-02 23:08:51
"861",8239734,17246946,2018-10-29 17:22:49
"862",9615368,19895403,2018-11-23 13:46:17
"863",28323965,89730708,2019-12-03 20:15:29
"864",31570029,96518898,2020-02-01 04:58:46
"865",5990373,13088625,2018-09-11 12:40:01
"866",2383585,6087713,2018-04-10 12:09:57
"867",20877585,54407542,2019-07-20 16:24:23
"868",28051130,81346956,2019-11-29 11:36:23
"869",30488483,96527617,2020-01-12 11:10:16
"870",29811885,89127473,2019-12-30 15:24:00
"871",47617,101406,2016-02-08 07:58:44
"872",2853847,7420807,2018-05-12 11:24:45
"873",4210916,10199808,2018-07-20 18:25:55
"874",375323,563731,2017-02-28 13:33:55
"875",739088,1423944,2017-08-01 20:10:34
"876",11216660,96714472,2018-12-21 22:56:15
"877",12557001,26591686,2019-01-21 12:06:57
"878",24347414,66974921,2019-09-26 18:43:30
"879",27640374,79565837,2019-11-21 20:03:36
"880",24025706,65964702,2019-09-21 12:40:43
"881",5535137,12290115,2018-08-30 13:32:39
"882",538937,4596045,2017-06-03 19:27:25
"883",2547262,6476790,2018-04-22 18:37:18
"884",795804,1592143,2017-08-25 19:06:55
"885",176849,232918,2016-10-25 12:33:47
"886",805653,1625703,2017-08-29 18:13:09
"887",1253844,3037585,2017-12-07 12:02:12
"888",1259493,4539677,2017-12-08 09:30:46
"889",6095435,13301662,2018-09-14 20:30:42
"890",19306708,48662854,2019-06-16 12:42:35
"891",314788,457674,2017-02-01 20:35:25
"892",69964,1678695,2016-03-12 19:46:43
"893",259488,337567,2016-12-13 20:07:54
"894",2836040,51805695,2018-05-11 15:52:31
"895",353714,839153,2017-02-17 20:59:10
"896",5662220,12497410,2018-09-02 10:09:02
"897",1636330,4978897,2018-02-03 14:25:36
"898",9520,70036,2015-10-17 15:53:16
"899",687030,1299362,2017-07-17 18:28:35
"900",9694131,20067056,2018-11-24 18:54:06
"901",18197437,44201817,2019-05-19 19:11:35
"902",28940411,89705044,2019-12-14 19:59:01
"903",28123458,81697594,2019-11-30 15:34:06
"904",3016,2470,2015-06-06 11:42:18
"905",1278008,3107769,2017-12-10 16:30:54
"906",31582335,96556518,2020-02-01 12:34:41
"907",19524844,51731791,2019-06-21 14:03:57
"908",28980526,85548914,2019-12-15 13:21:30
"909",869801,14270187,2017-09-18 20:55:17
"910",1192371,2834480,2017-11-26 19:27:41
"911",9768038,20230246,2018-11-25 20:34:00
"912",116817,111277,2016-06-14 11:49:22
"913",7009149,15735288,2018-10-06 19:02:07
"914",1968064,6467581,2018-03-08 00:27:52
"915",1252541,9014284,2017-12-06 23:06:38
"916",1650603,4234849,2018-02-04 16:08:45
"917",4221259,14239021,2018-07-21 00:46:20
"918",5472655,12205340,2018-08-28 20:53:12
"919",23246228,63244693,2019-09-08 11:38:18
"920",29342674,87238628,2019-12-21 20:08:54
"921",24994589,81470949,2019-10-06 19:31:52
"922",10115557,68710604,2018-12-02 01:24:56
"923",24207558,67228113,2019-09-24 03:56:01
"924",1450108,3691419,2018-01-11 00:30:34
"925",391267,27120976,2017-03-12 15:40:23
"926",535840,967135,2017-06-02 21:04:38
"927",721561,1379107,2017-07-27 19:42:57
"928",29003284,85637069,2019-12-15 18:07:47
"929",31617327,96710799,2020-02-01 20:20:04
"930",1679516,21428443,2018-02-07 18:01:44
"931",10525499,21747502,2018-12-09 11:55:07
"932",142458,12160207,2016-09-07 08:49:19
"933",1151196,3219796,2017-11-18 19:34:06
"934",3179793,7858307,2018-05-29 19:46:22
"935",12400699,26209099,2019-01-18 19:01:54
"936",75514,51451,2016-03-24 16:54:56
"937",4352187,10486946,2018-07-26 19:00:15
"938",701393,1334939,2017-07-22 12:30:40
"939",2058206,49448094,2018-03-15 19:43:45
"940",16543002,37707284,2019-04-07 12:36:16
"941",20749668,53900669,2019-07-17 17:47:07
"942",24628251,69746394,2019-09-30 21:33:50
"943",563812,1016609,2017-06-10 17:54:06
"944",13655848,29274283,2019-02-10 11:45:08
"945",18194192,44194187,2019-05-19 18:28:00
"946",31615225,96704713,2020-02-01 19:58:29
"947",633774,1320959,2017-07-01 20:14:31
"948",1515232,3881572,2018-01-20 13:42:18
"949",16141752,41319627,2019-03-29 13:38:05
"950",1516343,3884751,2018-01-20 16:02:51
"951",16981057,39372653,2019-04-18 13:01:38
"952",53655,155462,2016-02-14 10:28:47
"953",13555041,29019642,2019-02-08 19:29:31
"954",613952,2633426,2017-06-25 19:00:14
"955",10778571,22279904,2018-12-13 22:45:54
"956",367718,536514,2017-02-24 21:48:26
"957",20820012,54980749,2019-07-19 10:40:14
"958",15440897,39035473,2019-03-15 21:01:42
"959",28107176,81822534,2019-11-30 10:02:14
"960",28938310,85410856,2019-12-14 19:37:26
"961",5028360,12958521,2018-08-18 20:41:49
"962",1673205,4291942,2018-02-06 20:03:51
"963",1292994,47418475,2017-12-13 11:44:30
"964",2751865,6969842,2018-05-06 08:35:22
"965",31580780,96550917,2020-02-01 12:06:01
"966",28936824,87211462,2019-12-14 19:22:41
"967",1214145,2916563,2017-12-01 19:13:14
"968",4651462,20714657,2018-08-10 17:38:06
"969",11005836,22918793,2018-12-17 20:12:58
"970",19640660,95075887,2019-06-23 18:31:39
"971",14035,26891,2015-11-17 14:14:35
"972",1200630,2863153,2017-11-28 20:03:36
"973",17987234,43452648,2019-05-14 15:31:27
"974",2448380,75419516,2018-04-15 12:00:23
"975",17856031,42831075,2019-05-11 11:22:13
"976",319549,527472,2017-02-03 18:38:14
"977",2015709,5192745,2018-03-11 20:05:23
"978",3857230,9331317,2018-07-01 15:14:59
"979",9865840,70407764,2018-11-27 20:26:08
"980",10760557,67170145,2018-12-13 18:22:18
"981",23276861,63349701,2019-09-08 18:23:50
"982",26149832,73470753,2019-10-26 17:49:37
"983",27249152,77893117,2019-11-14 20:06:10
"984",28442565,83669023,2019-12-06 06:23:10
"985",31533102,96480112,2020-01-31 17:36:35
"986",17639120,41957461,2019-05-05 10:56:50
"987",21861475,60384860,2019-08-11 15:16:57
"988",1207408,2886753,2017-11-30 13:59:38
"989",109428,92304,2016-05-22 17:36:53
"990",434749,681810,2017-04-04 16:23:47
"991",895866,1912483,2017-09-25 21:10:53
"992",3897018,9434518,2018-07-03 18:24:16
"993",6810861,24179050,2018-10-02 10:10:57
"994",20758736,53947195,2019-07-17 21:01:03
"995",30915617,94238397,2020-01-19 20:19:25
"996",14388375,32105577,2019-02-23 18:23:27
"997",74287,56399,2016-03-21 12:27:37
"998",1513994,3877170,2018-01-20 11:15:21
"999",221633,298036,2016-11-19 16:11:35
"1000",9512679,34002814,2018-11-21 14:21:56
"1001",18628556,45895781,2019-05-31 02:03:51
"1002",29985549,90838922,2020-01-02 19:49:51
"1003",31613452,96690519,2020-02-01 19:40:52
"1004",34311,8376045,2016-01-10 15:32:17
"1005",1837891,4757687,2018-02-24 22:16:31
"1006",1361728,3409267,2017-12-26 17:39:20
"1007",373038,35508751,2017-02-26 20:09:17
"1008",341143,678824,2017-02-12 13:31:35
"1009",637370,17835573,2017-07-02 18:52:01
"1010",31593433,96607663,2020-02-01 15:52:49
"1011",31607117,96731416,2020-02-01 18:39:40
"1012",562179,1019245,2017-06-10 05:14:30
"1013",1223391,2943404,2017-12-02 20:24:04
"1014",2609855,6616113,2018-04-27 11:48:40
"1015",8205632,49629715,2018-10-28 21:31:36
"1016",9909030,20485661,2018-11-28 18:31:05
"1017",482464,994009,2017-05-06 11:08:39
"1018",21430250,66525955,2019-08-01 19:22:01
"1019",5344715,12009491,2018-08-25 19:05:16
"1020",23875856,65383116,2019-09-18 20:06:43
"1021",27410434,78616230,2019-11-17 14:06:33
"1022",2679523,6781542,2018-05-01 13:45:23
"1023",28602310,83779041,2019-12-08 16:53:57
"1024",3431497,10659012,2018-06-11 12:20:35
"1025",31074536,94384079,2020-01-22 23:14:42
"1026",31622271,96728749,2020-02-01 21:21:00
"1027",2177872,12353089,2018-03-24 20:57:59
"1028",4394,4117,2015-07-17 20:29:52
"1029",14744071,32194361,2019-03-02 11:44:13
"1030",1956131,5033504,2018-03-06 19:47:26
"1031",919463,1979296,2017-10-01 18:58:29
"1032",23377054,63652736,2019-09-10 12:01:11
"1033",31246599,95103658,2020-01-26 01:19:36
"1034",12769418,27108383,2019-01-25 19:56:48
"1035",28314296,94641988,2019-12-03 17:49:24
"1036",1136472,2637288,2017-11-15 22:20:15
"1037",1353271,3384807,2017-12-24 12:31:09
"1038",1699027,4378016,2018-02-09 21:11:12
"1039",7724614,16303870,2018-10-20 12:21:36
"1040",11612320,24276857,2018-12-31 18:26:38
"1041",28717530,84297606,2019-12-10 18:09:31
"1042",123233,1169064,2016-07-05 19:28:12
"1043",1266125,3073393,2017-12-08 21:30:49
"1044",1849574,4793161,2018-02-25 21:34:41
"1045",2117845,5432048,2018-03-19 21:24:17
"1046",1434560,3683863,2018-01-08 03:10:29
"1047",292210,1407664,2017-01-22 19:42:14
"1048",533235,991418,2017-06-02 07:37:28
"1049",2270360,5780776,2018-04-01 11:58:18
"1050",101178,1990387,2016-05-03 16:08:15
"1051",16873838,96733553,2019-04-15 11:07:03
"1052",21097216,55271132,2019-07-25 13:06:46
"1053",157511,227756,2016-09-29 22:56:24
"1054",5677872,14692863,2018-09-02 17:26:29
"1055",379968,801634,2017-03-03 22:06:23
"1056",1541162,3951472,2018-01-23 12:14:38
"1057",21924832,81269268,2019-08-12 23:06:11
"1058",24241298,66609676,2019-09-24 18:52:23
"1059",28209410,82046203,2019-12-01 18:25:37
"1060",828098,28251132,2017-09-06 20:32:33
"1061",16673563,45050101,2019-04-10 18:38:30
"1062",18017689,60594199,2019-05-15 13:57:15
"1063",31610055,96680410,2020-02-01 19:07:16
"1064",389460,6468377,2017-03-11 13:54:49
"1065",1780261,4593572,2018-02-18 13:43:31
"1066",1359073,3401204,2017-12-25 21:13:08
"1067",2975939,41499963,2018-05-18 11:10:28
"1068",5635282,12460354,2018-09-01 19:29:06
"1069",28527889,83477881,2019-12-07 15:50:51
"1070",630562,1164256,2017-06-30 22:50:41
"1071",1268263,3080089,2017-12-09 12:08:09
"1072",7257444,15491455,2018-10-11 18:08:23
"1073",17294843,44598006,2019-04-26 19:20:35
"1074",938885,2044309,2017-10-07 12:49:06
"1075",593405,1079761,2017-06-19 18:01:10
"1076",134404,151050,2016-08-11 14:55:13
"1077",75718,51662,2016-03-25 09:13:24
"1078",24726371,68250396,2019-10-02 19:02:36
"1079",31582313,96556700,2020-02-01 12:34:15
"1080",1047538,2371158,2017-10-30 20:16:05
"1081",125702,510756,2016-07-14 14:15:06
"1082",6267936,13671171,2018-09-19 10:06:37
"1083",971419,2142511,2017-10-14 18:39:01
"1084",1428497,3620056,2018-01-07 14:15:01
"1085",1974768,5083939,2018-03-08 19:56:59
"1086",24266893,68250333,2019-09-25 09:59:00
"1087",5354198,12025071,2018-08-25 22:13:54
"1088",1011343,2270079,2017-10-23 11:27:04
"1089",16711591,38349878,2019-04-11 19:51:40
"1090",546504,1245316,2017-06-05 11:35:41
"1091",989445,2231161,2017-10-18 22:10:35
"1092",1836814,4754317,2018-02-24 20:59:35
"1093",10423518,21541796,2018-12-07 19:08:11
"1094",270996,668688,2016-12-29 16:56:28
"1095",974914,2154271,2017-10-15 13:13:42
"1096",1756180,4516656,2018-02-15 19:15:43
"1097",11580801,34379915,2018-12-30 19:52:19
"1098",16888274,39944904,2019-04-15 18:36:19
"1099",17875423,96737595,2019-05-11 19:18:37
"1100",26496204,74876600,2019-11-01 18:55:14
"1101",1270736,3087282,2017-12-09 18:27:51
"1102",3886527,9411269,2018-07-02 23:50:33
"1103",2624789,6683432,2018-04-28 09:35:01
"1104",31609833,96666723,2020-02-01 19:05:22
"1105",625754,1152754,2017-06-29 18:53:31
"1106",1448553,3682884,2018-01-10 20:25:08
"1107",16253501,36620787,2019-03-31 15:42:47
"1108",31282773,95241516,2020-01-26 17:23:56
"1109",20923405,54579779,2019-07-21 14:00:23
"1110",478319,809476,2017-05-03 18:59:07
"1111",1834060,4744056,2018-02-24 18:55:36
"1112",1915389,4971716,2018-03-03 18:24:02
"1113",24909226,68911786,2019-10-05 18:45:18
"1114",380971,612150,2017-03-04 18:24:08
"1115",910675,1951714,2017-09-30 11:05:14
"1116",535810,96620510,2017-06-02 20:54:12
"1117",11239152,23373789,2018-12-22 13:26:33
"1118",272551,382064,2017-01-01 13:47:31
"1119",1194260,2840060,2017-11-26 21:44:59
"1120",1366018,3422375,2017-12-27 15:45:15
"1121",26439462,74650165,2019-10-31 21:08:53
"1122",27263957,78331748,2019-11-15 03:33:44
"1123",29613630,88292016,2019-12-26 22:01:21
"1124",31619612,96725592,2020-02-01 20:45:22
"1125",170978,1160386,2016-10-18 08:04:54
"1126",402083,2193008,2017-03-19 00:41:45
"1127",31093619,94425531,2020-01-23 13:32:53
"1128",31587047,96586793,2020-02-01 13:58:36
"1129",1075088,2453090,2017-11-04 18:51:14
"1130",5056886,11673684,2018-08-19 16:17:25
"1131",13262665,28327881,2019-02-03 14:13:40
"1132",15934070,68619268,2019-03-24 16:15:46
"1133",17160018,40011599,2019-04-22 18:47:02
"1134",1026986,18682183,2017-10-27 13:01:46
"1135",83881,54748,2016-03-31 22:01:18
"1136",6158242,16152635,2018-09-16 12:21:19
"1137",30875640,93501190,2020-01-19 12:26:02
"1138",26153275,75064047,2019-10-26 18:27:43
"1139",3873984,9373708,2018-07-02 08:47:19
"1140",11621724,25631388,2019-01-01 03:00:40
"1141",14431733,31623402,2019-02-24 12:01:12
"1142",17731011,42319393,2019-05-07 18:46:24
"1143",25720661,71819527,2019-10-19 10:34:26
"1144",1154040,11451418,2017-11-19 01:12:23
"1145",1637790,4199993,2018-02-03 17:03:50
"1146",10552950,21821392,2018-12-09 19:24:45
"1147",22588070,61794289,2019-08-27 19:21:40
"1148",27096634,96570474,2019-11-11 18:03:31
"1149",299170,10566721,2017-01-26 15:14:30
"1150",1664685,4275467,2018-02-05 19:40:29
"1151",1224,497642,2015-03-24 20:33:16
"1152",791753,1578358,2017-08-23 18:33:47
"1153",1521874,3901316,2018-01-20 22:06:10
"1154",2012656,5183219,2018-03-11 18:11:06
"1155",25393110,70618742,2019-10-13 15:46:03
"1156",19972571,51764500,2019-06-30 22:31:28
"1157",390793,588327,2017-03-12 10:38:04
"1158",23304828,63438343,2019-09-09 01:19:08
"1159",717970,1371395,2017-07-26 19:44:16
"1160",4881793,11584003,2018-08-15 22:29:13
"1161",1003913,19407041,2017-10-22 00:04:54
"1162",17017846,50918515,2019-04-19 10:59:08
"1163",1895210,4892833,2018-03-02 12:09:49
"1164",1213394,40482495,2017-12-01 18:19:57
"1165",29273158,87277974,2019-12-20 18:49:49
"1166",20985567,56480011,2019-07-22 17:27:18
"1167",14153134,41884408,2019-02-19 09:04:52
"1168",26640243,77008927,2019-11-03 18:07:29
"1169",11628868,70343162,2019-01-01 13:22:54
"1170",29658833,88483836,2019-12-27 19:39:12
"1171",1571951,5757472,2018-01-27 14:17:06
"1172",13538839,39056932,2019-02-08 14:57:26
"1173",56013,272111,2016-02-16 22:01:38
"1174",2170903,5672689,2018-03-24 14:17:22
"1175",622624,1144231,2017-06-28 18:39:56
"1176",455230,85525033,2017-04-20 06:35:20
"1177",3679157,8892088,2018-06-22 11:15:45
"1178",1196688,2847823,2017-11-27 18:43:43
"1179",3085519,9270359,2018-05-24 10:52:13
"1180",20922540,54575417,2019-07-21 13:39:36
"1181",615170,1227532,2017-06-25 21:16:23
"1182",11102526,49055060,2018-12-19 20:53:42
"1183",1645148,4219905,2018-02-04 01:35:45
"1184",13234879,32383081,2019-02-02 23:33:20
"1185",28953388,90104535,2019-12-14 23:14:35
"1186",30500770,96573987,2020-01-12 14:45:37
"1187",1229322,2962017,2017-12-03 16:47:27
"1188",25344022,70466187,2019-10-12 20:48:50
"1189",11261630,23435196,2018-12-22 20:29:54
"1190",3024618,7525924,2018-05-20 19:54:37
"1191",94066,68082,2016-04-20 20:15:40
"1192",470649,789176,2017-04-29 19:22:14
"1193",762212,1490302,2017-08-10 20:27:47
"1194",2645588,6701466,2018-04-29 13:04:40
"1195",24834883,68646893,2019-10-04 18:06:47
"1196",111295,619315,2016-05-27 22:25:53
"1197",57052,43218,2016-02-18 10:38:59
"1198",2373723,7525092,2018-04-09 15:17:28
"1199",12088262,31233232,2019-01-12 13:07:41
"1200",744813,1439779,2017-08-04 08:40:51
"1201",1182102,3622527,2017-11-25 11:59:24
"1202",166466,228342,2016-10-12 18:14:58
"1203",2523331,6416723,2018-04-21 11:25:14
"1204",28184770,81945823,2019-12-01 12:54:20
"1205",22864123,61963309,2019-09-01 18:14:20
"1206",88160,59622,2016-04-08 12:56:43
"1207",1143738,2685729,2017-11-17 18:44:46
"1208",555116,1178149,2017-06-07 19:31:40
"1209",258963,1703047,2016-12-13 00:59:50
"1210",1421590,3596449,2018-01-06 18:40:53
"1211",4850423,11430364,2018-08-15 17:00:39
"1212",12301626,27816840,2019-01-16 18:06:27
"1213",28023611,81229627,2019-11-28 19:08:38
"1214",268228,366305,2016-12-24 20:11:21
"1215",814478,3017273,2017-09-02 12:51:10
"1216",40307,378716,2016-01-24 12:20:18
"1217",6774251,14525867,2018-10-01 11:43:17
"1218",10917118,22601656,2018-12-16 07:49:37
"1219",442327,1043175,2017-04-09 12:17:38
"1220",1607535,4123178,2018-01-31 13:14:19
"1221",413417,665421,2017-03-24 19:28:45
"1222",12401983,26216653,2019-01-18 19:20:16
"1223",30315800,96621076,2020-01-09 06:34:57
"1224",26717635,75687583,2019-11-05 00:43:14
"1225",75215,51109,2016-03-23 18:50:58
"1226",614682,1126280,2017-06-25 20:02:03
"1227",28454200,83210467,2019-12-06 12:56:53
"1228",832366,1713968,2017-09-08 14:28:33
"1229",3144280,7775907,2018-05-27 17:37:05
"1230",15691062,34816883,2019-03-19 19:45:11
"1231",20713648,53780485,2019-07-16 20:11:13
"1232",23206612,63123244,2019-09-07 19:09:32
"1233",31019137,94541882,2020-01-21 20:26:33
"1234",17716316,42241037,2019-05-07 10:06:16
"1235",31283921,95249372,2020-01-26 17:36:41
"1236",61797,37615,2016-02-23 21:08:41
"1237",1117238,2580013,2017-11-12 11:26:05
"1238",85629,101467,2016-04-03 11:57:51
"1239",13145114,31202481,2019-02-01 18:32:44
"1240",17618840,45816242,2019-05-04 20:48:45
"1241",14983531,32836129,2019-03-06 18:12:00
"1242",5114,7060385,2015-08-09 08:51:04
"1243",12764,13326,2015-11-07 22:59:41
"1244",20545373,53786263,2019-07-13 15:01:43
"1245",2386596,10324911,2018-04-10 16:48:22
"1246",8853953,21739505,2018-11-10 16:10:53
"1247",10415982,21516612,2018-12-07 17:14:04
"1248",25380723,70579663,2019-10-13 12:46:08
"1249",28492051,83328610,2019-12-06 21:59:28
"1250",4108502,9969714,2018-07-15 12:51:04
"1251",21345451,56192837,2019-07-30 18:24:56
"1252",20364172,52490171,2019-07-09 14:31:18
"1253",72402,2801254,2016-03-19 06:45:22
"1254",113629,103311,2016-06-04 10:26:00
"1255",140639,163384,2016-09-03 09:49:17
"1256",4433161,10675648,2018-07-30 13:16:18
"1257",15920327,35505704,2019-03-24 11:40:28
"1258",459654,755795,2017-04-22 23:39:55
"1259",304093,73665437,2017-01-28 18:53:23
"1260",3225478,7965719,2018-06-01 18:18:43
"1261",15811744,38871771,2019-03-22 13:26:32
"1262",249248,819804,2016-12-05 08:59:40
"1263",296295,3214950,2017-01-25 11:07:29
"1264",1841294,19142967,2018-02-25 12:19:47
"1265",12561447,26605575,2019-01-21 14:30:09
"1266",27893602,80637502,2019-11-25 22:40:34
"1267",1343454,3345489,2017-12-22 14:42:47
"1268",1102555,2537192,2017-11-09 21:39:35
"1269",1212094,2906571,2017-12-01 14:46:03
"1270",7370470,15704628,2018-10-13 19:55:07
"1271",205250,333713,2016-11-09 23:15:35
"1272",484785,77482759,2017-05-07 11:25:47
"1273",2436644,6431399,2018-04-14 17:13:30
"1274",16846759,38838630,2019-04-14 18:28:18
"1275",98301,645344,2016-04-27 18:40:12
"1276",16139606,43876437,2019-03-29 12:32:45
"1277",1359397,3400888,2017-12-25 21:49:26
"1278",8336728,17861119,2018-10-31 18:39:51
"1279",29636663,96695313,2019-12-27 13:09:20
"1280",387474,845496,2017-03-09 18:57:43
"1281",2633295,6672057,2018-04-28 18:51:12
"1282",914102,1962831,2017-09-30 19:52:47
"1283",1457402,3931397,2018-01-12 14:29:28
"1284",26200540,73758759,2019-10-27 13:33:39
"1285",27507778,78987809,2019-11-19 01:27:20
"1286",23639195,71766446,2019-09-14 19:45:23
"1287",8224945,22386417,2018-10-29 08:52:33
"1288",21586357,57143796,2019-08-04 23:18:19
"1289",11547,2936463,2015-10-30 20:12:48
"1290",446159,713641,2017-04-12 11:31:50
"1291",3971782,9626564,2018-07-07 21:17:29
"1292",21151556,55458295,2019-07-26 17:34:13
"1293",28926360,85326678,2019-12-14 17:26:21
"1294",30091633,90372244,2020-01-04 19:54:31
"1295",2177810,5867087,2018-03-24 20:55:43
"1296",106470,119561,2016-05-15 18:22:14
"1297",684939,1294624,2017-07-16 20:51:49
"1298",1639766,4205115,2018-02-03 19:14:04
"1299",30914363,93673391,2020-01-19 20:06:42
"1300",7535037,19734658,2018-10-16 19:35:16
"1301",584030,1060922,2017-06-17 12:30:05
"1302",8454229,17673926,2018-11-02 20:56:50
"1303",12514635,26502877,2019-01-20 17:55:30
"1304",24028234,65911173,2019-09-21 13:25:40
"1305",24799447,75236434,2019-10-04 04:28:06
"1306",746941,3479895,2017-08-04 20:19:24
"1307",1026998,2417191,2017-10-27 13:07:33
"1308",27280329,78038906,2019-11-15 14:22:42
"1309",30667145,96369367,2020-01-15 18:29:25
"1310",31615070,96706967,2020-02-01 19:57:01
"1311",16168282,52718186,2019-03-29 22:47:15
"1312",883878,3216059,2017-09-23 12:13:01
"1313",3717228,8995931,2018-06-24 12:34:05
"1314",2564258,6518397,2018-04-23 20:15:00
"1315",23317888,63471532,2019-09-09 10:59:51
"1316",31587309,96597229,2020-02-01 14:03:32
"1317",1679859,6252482,2018-02-07 18:35:45
"1318",612656,4330950,2017-06-25 16:32:40
"1319",1376248,3605845,2017-12-29 20:41:15
"1320",2676468,6771874,2018-05-01 08:16:11
"1321",3837845,10484310,2018-06-30 15:35:28
"1322",4481937,10791107,2018-08-02 00:32:21
"1323",12929807,96693836,2019-01-28 12:01:42
"1324",21557328,57029147,2019-08-04 14:03:18
"1325",22823189,61826722,2019-09-01 01:32:54
"1326",1014683,2867650,2017-10-24 05:39:14
"1327",30352679,91407731,2020-01-09 22:05:56
"1328",108799,145390,2016-05-21 11:10:06
"1329",477326,1430988,2017-05-02 21:31:08
"1330",748882,1451653,2017-08-05 17:41:33
"1331",10766874,28691064,2018-12-13 19:50:42
"1332",382213,3262347,2017-03-05 13:06:01
"1333",528706,2694243,2017-05-30 20:07:47
"1334",256025,329124,2016-12-10 10:54:03
"1335",2407285,6120082,2018-04-12 12:02:37
"1336",23645138,66424158,2019-09-14 21:07:50
"1337",29829545,89498378,2019-12-30 20:25:49
"1338",6665947,14373161,2018-09-29 06:13:41
"1339",366706,7282960,2017-02-24 15:24:22
"1340",12350193,29588444,2019-01-17 18:38:01
"1341",6154856,13409467,2018-09-16 09:25:40
"1342",9856804,22234825,2018-11-27 17:50:14
"1343",457976,752335,2017-04-22 08:18:44
"1344",154911,187511,2016-09-25 17:30:46
"1345",391279,589813,2017-03-12 15:49:57
"1346",414111,672548,2017-03-24 22:02:17
"1347",778862,1537981,2017-08-17 19:26:45
"1348",20940668,64765458,2019-07-21 19:03:15
"1349",30402405,91711663,2020-01-10 20:50:00
"1350",11694565,24848616,2019-01-02 21:37:35
"1351",182664,10769881,2016-10-28 18:57:30
"1352",24481488,67445392,2019-09-28 19:41:39
"1353",1910431,4929994,2018-03-03 12:50:46
"1354",10980303,27729627,2018-12-17 08:24:13
"1355",23200954,63094225,2019-09-07 17:59:06
"1356",284703,413715,2017-01-16 20:12:59
"1357",377675,779183,2017-03-02 11:05:30
"1358",2322813,6840645,2018-04-05 19:49:33
"1359",3823283,9233073,2018-06-29 18:49:14
"1360",22216464,59624104,2019-08-19 19:06:09
"1361",22426165,64695496,2019-08-24 16:10:37
"1362",7670934,16190197,2018-10-19 12:59:57
"1363",24105369,66164682,2019-09-22 14:21:35
"1364",1721493,4427094,2018-02-11 20:41:14
"1365",6694531,16300340,2018-09-29 19:34:16
"1366",10816413,22361741,2018-12-14 18:12:43
"1367",26539034,75031406,2019-11-02 12:09:28
"1368",31576401,NA,2020-02-01 10:27:57
"1369",22787678,64087807,2019-08-31 15:15:28
"1370",386095,3274888,2017-03-08 10:24:11
"1371",145338,4268950,2016-09-11 21:22:40
"1372",1003314,2240295,2017-10-21 20:48:34
"1373",530381,954709,2017-05-31 19:48:08
"1374",2193793,5616072,2018-03-25 20:56:21
"1375",18650957,45984977,2019-05-31 18:28:18
"1376",31609965,96666545,2020-02-01 19:06:34
"1377",19266584,56138537,2019-06-15 17:53:27
"1378",3950271,47237713,2018-07-06 20:16:40
"1379",276804,1223565,2017-01-06 19:55:45
"1380",8231223,24717314,2018-10-29 14:00:17
"1381",917177,2345150,2017-10-01 14:25:17
"1382",12444308,44192824,2019-01-19 15:45:11
"1383",4609108,11088265,2018-08-08 16:54:06
"1384",1250133,3027212,2017-12-06 19:41:27
"1385",910359,6108272,2017-09-30 09:21:24
"1386",3533945,8571989,2018-06-15 10:11:26
"1387",22123857,63374744,2019-08-17 20:13:02
"1388",23769823,65013387,2019-09-16 19:33:04
"1389",279568,498892,2017-01-10 12:24:17
"1390",11492582,23947845,2018-12-28 17:44:13
"1391",3418443,8398221,2018-06-10 20:11:42
"1392",24890327,81962994,2019-10-05 15:00:04
"1393",231236,467690,2016-11-24 23:12:19
"1394",245571,315257,2016-12-04 13:56:24
"1395",22836810,61902882,2019-09-01 10:49:30
"1396",15613815,42172886,2019-03-18 10:01:09
"1397",1223230,2942807,2017-12-02 20:17:33
"1398",16326239,94066961,2019-04-02 08:06:10
"1399",22087312,59121040,2019-08-17 00:09:40
"1400",31590909,96595776,2020-02-01 15:07:58
"1401",17400183,41015322,2019-04-29 13:44:20
"1402",778826,6456432,2017-08-17 19:21:02
"1403",665124,1244993,2017-07-10 19:41:46
"1404",1173832,2765564,2017-11-23 15:31:42
"1405",14879887,33407940,2019-03-04 16:50:23
"1406",846264,1841901,2017-09-11 20:02:20
"1407",1414406,3577035,2018-01-05 18:21:04
"1408",13399621,28731002,2019-02-05 19:44:03
"1409",15924172,38762840,2019-03-24 13:07:04
"1410",27048293,77055705,2019-11-10 19:54:24
"1411",14286260,30933116,2019-02-21 21:25:56
"1412",803910,2102345,2017-08-28 19:26:19
"1413",285776,416447,2017-01-18 11:03:20
"1414",16752547,42743277,2019-04-12 19:37:02
"1415",16845797,38843556,2019-04-14 18:15:04
"1416",6645844,16638593,2018-09-28 20:36:46
"1417",1229229,27363011,2017-12-03 16:34:42
"1418",6420693,13882730,2018-09-23 11:25:52
"1419",28420667,82990816,2019-12-05 19:18:46
"1420",1055991,64551007,2017-11-01 14:15:00
"1421",24394001,67152058,2019-09-27 16:21:55
"1422",490430,78964583,2017-05-10 18:43:44
"1423",3126468,7738711,2018-05-26 19:53:34
"1424",4486150,13144042,2018-08-02 10:48:54
"1425",16847954,38870546,2019-04-14 18:44:47
"1426",31226949,95029930,2020-01-25 19:41:59
"1427",2503365,6376787,2018-04-19 19:06:53
"1428",2444666,6237392,2018-04-15 00:44:50
"1429",130048,846299,2016-07-27 19:17:57
"1430",28365739,84309101,2019-12-04 18:09:30
"1431",743505,1450507,2017-08-03 18:12:31
"1432",1457725,3709182,2018-01-12 15:20:50
"1433",1771128,4565841,2018-02-17 16:42:51
"1434",31594284,97710849,2020-02-01 16:06:26
"1435",2727191,6896365,2018-05-04 18:21:58
"1436",896099,1907354,2017-09-26 00:21:01
"1437",957059,2097895,2017-10-11 18:10:33
"1438",970163,2139458,2017-10-14 15:47:28
"1439",20920083,58996676,2019-07-21 12:37:41
"1440",21811447,58034143,2019-08-10 14:23:57
"1441",25040801,69334107,2019-10-07 15:46:42
"1442",28368970,84472937,2019-12-04 18:55:36
"1443",14977296,33282231,2019-03-06 16:00:08
"1444",24294327,82029884,2019-09-25 18:48:00
"1445",1772138,13469379,2018-02-17 18:24:19
"1446",25029244,72740242,2019-10-07 11:38:52
"1447",6640510,14270069,2018-09-28 18:59:56
"1448",178945,233838,2016-10-26 18:22:26
"1449",16005149,35771693,2019-03-25 22:49:19
"1450",7164058,16392284,2018-10-09 20:39:51
"1451",87592,59190,2016-04-06 20:19:16
"1452",91904,317104,2016-04-15 21:03:34
"1453",24828664,92599105,2019-10-04 16:48:18
"1454",608975,1114043,2017-06-24 18:23:45
"1455",709952,1354303,2017-07-24 14:13:21
"1456",25065019,72670779,2019-10-08 00:02:07
"1457",11644591,24317966,2019-01-01 19:09:08
"1458",385531,572267,2017-03-07 19:29:36
"1459",716725,1368589,2017-07-26 16:07:35
"1460",25892847,72447056,2019-10-21 19:28:55
"1461",31584218,96568129,2020-02-01 13:08:33
"1462",31590660,96596894,2020-02-01 15:03:38
"1463",907074,1939871,2017-09-29 13:56:38
"1464",1650334,42030299,2018-02-04 15:55:00
"1465",12498585,26458304,2019-01-20 13:24:51
"1466",30622874,92404945,2020-01-14 19:34:30
"1467",55079,46359,2016-02-15 18:05:02
"1468",1186966,58564436,2017-11-25 21:25:54
"1469",1382892,3489051,2017-12-31 10:51:25
"1470",4902533,11467670,2018-08-16 02:27:48
"1471",5715006,12603117,2018-09-03 11:49:30
"1472",19641355,49796553,2019-06-23 18:40:42
"1473",26887539,81341391,2019-11-08 15:05:54
"1474",26974147,76758159,2019-11-09 19:53:23
"1475",31271696,95701556,2020-01-26 14:41:32
"1476",31547768,96422564,2020-01-31 20:18:41
"1477",169373,471730,2016-10-16 09:57:14
"1478",567303,5836675,2017-06-11 15:48:08
"1479",905788,2069995,2017-09-28 23:50:09
"1480",14010003,30211248,2019-02-16 19:12:33
"1481",27022494,76944252,2019-11-10 15:11:34
"1482",3125790,7736080,2018-05-26 19:31:12
"1483",3836953,9274225,2018-06-30 14:35:45
"1484",17564642,43790905,2019-05-03 16:48:01
"1485",2164945,5543157,2018-03-23 22:34:26
"1486",2536951,6452779,2018-04-22 01:28:41
"1487",8011855,24633712,2018-10-25 17:19:18
"1488",18474598,45280052,2019-05-26 18:49:35
"1489",6337,2197440,2015-09-22 12:54:50
"1490",314793,457751,2017-02-01 20:36:45
"1491",23687026,64721299,2019-09-15 14:10:32
"1492",31391572,95958828,2020-01-28 18:58:47
"1493",21092611,55217656,2019-07-25 10:30:25
"1494",28980542,93481690,2019-12-15 13:21:48
"1495",683447,1290555,2017-07-16 18:21:37
"1496",1448868,3744831,2018-01-10 21:02:59
"1497",3998363,35455274,2018-07-09 00:55:54
"1498",4700681,16974616,2018-08-12 11:46:32
"1499",20778081,54034523,2019-07-18 11:19:23
"1500",24698981,96569996,2019-10-02 09:54:08
"1501",28490990,83324288,2019-12-06 21:39:20
"1502",71211,112835,2016-03-16 11:13:10
"1503",10130823,31649684,2018-12-02 12:55:17
"1504",13624760,29207407,2019-02-09 20:48:52
"1505",16075370,35989326,2019-03-27 19:00:53
"1506",21426583,56528009,2019-08-01 18:08:56
"1507",9252808,19215739,2018-11-17 11:37:09
"1508",502013,4711590,2017-05-17 09:35:31
"1509",36771,321344,2016-01-16 14:26:26
"1510",2862666,7292870,2018-05-12 18:44:05
"1511",7527402,16061109,2018-10-16 17:17:45
"1512",23661579,67087357,2019-09-15 03:32:10
"1513",75651,1472637,2016-03-24 23:10:05
"1514",13766842,29728140,2019-02-12 13:29:31
"1515",2961984,7381498,2018-05-17 16:20:25
"1516",13549566,29002353,2019-02-08 18:15:09
"1517",6581093,14901623,2018-09-27 05:00:51
"1518",58089,35611,2016-02-19 19:07:39
"1519",891254,1891925,2017-09-24 18:32:43
"1520",1017746,2281449,2017-10-24 20:30:16
"1521",1742677,9318877,2018-02-14 12:41:57
"1522",4373704,10541673,2018-07-27 20:08:48
"1523",270683,786621,2016-12-28 21:43:32
"1524",21241572,55810692,2019-07-28 13:54:34
"1525",17145487,39950278,2019-04-22 12:29:50
"1526",12671281,26863202,2019-01-23 20:19:57
"1527",153534,187771,2016-09-23 18:54:47
"1528",220343,13691306,2016-11-18 22:50:35
"1529",14493677,31496707,2019-02-25 12:48:51
"1530",160337,348250,2016-10-03 22:45:17
"1531",743085,2120566,2017-08-03 15:20:29
"1532",1646990,45053677,2018-02-04 11:41:46
"1533",25264407,70166892,2019-10-11 18:41:18
"1534",11817944,37255043,2019-01-06 01:31:24
"1535",21136734,55399802,2019-07-26 11:14:41
"1536",30650806,92521648,2020-01-15 13:05:24
"1537",917986,23287759,2017-10-01 16:55:53
"1538",43135,28856,2016-01-30 19:16:16
"1539",25940359,72623085,2019-10-22 18:41:24
"1540",345624,495933,2017-02-13 18:33:46
"1541",5821304,12752848,2018-09-06 12:46:13
"1542",27808227,80278169,2019-11-24 14:57:46
"1543",39042,26372,2016-01-21 10:19:28
"1544",588799,1070349,2017-06-18 14:42:53
"1545",30952471,93817368,2020-01-20 16:06:30
"1546",31607703,96659015,2020-02-01 18:45:02
"1547",19357485,53785561,2019-06-17 11:30:08
"1548",757518,1487939,2017-08-08 18:51:10
"1549",1710725,4425146,2018-02-10 22:17:59
"1550",6345881,22777823,2018-09-21 17:43:59
"1551",212941,350041,2016-11-13 20:11:32
"1552",276879,8065121,2017-01-06 20:34:39
"1553",17039829,39579824,2019-04-19 19:48:36
"1554",23272382,63821642,2019-09-08 17:36:57
"1555",2084710,7140258,2018-03-17 19:31:14
"1556",30460730,91962123,2020-01-11 20:18:03
"1557",271060,373656,2016-12-29 18:36:45
"1558",17107550,39800018,2019-04-21 13:58:30
"1559",17734758,42324611,2019-05-07 20:31:58
"1560",27997983,81094436,2019-11-28 09:01:52
"1561",11608628,35236738,2018-12-31 16:20:59
"1562",507831,1010021,2017-05-20 13:59:50
"1563",99933,158344,2016-05-01 06:31:40
"1564",684271,1321465,2017-07-16 19:36:40
"1565",5082144,21675769,2018-08-20 01:12:15
"1566",20949725,54870710,2019-07-21 21:28:48
"1567",23606826,67328354,2019-09-14 12:17:12
"1568",13656376,29275477,2019-02-10 11:59:43
"1569",2169466,74604029,2018-03-24 12:36:35
"1570",16211464,36835494,2019-03-30 19:56:05
"1571",51470,32303,2016-02-11 21:50:00
"1572",382232,16186801,2017-03-05 13:12:11
"1573",871827,5351349,2017-09-19 18:28:49
"1574",1104900,2543525,2017-11-10 14:56:03
"1575",31570483,96519079,2020-02-01 05:37:44
"1576",635580,3372899,2017-07-02 12:34:09
"1577",689060,1305287,2017-07-18 13:38:49
"1578",908092,1942675,2017-09-29 18:07:10
"1579",1035063,2335431,2017-10-28 18:58:53
"1580",7799289,16441943,2018-10-21 17:05:19
"1581",19822109,63701751,2019-06-27 23:02:22
"1582",29004199,85646557,2019-12-15 18:17:08
"1583",12887503,27383732,2019-01-27 18:05:10
"1584",3991858,9677179,2018-07-08 19:54:02
"1585",16337542,37582008,2019-04-02 15:51:24
"1586",21827916,58106817,2019-08-10 20:15:31
"1587",22961436,62287234,2019-09-03 14:01:44
"1588",23006414,62432712,2019-09-04 11:15:48
"1589",23432381,63918710,2019-09-11 11:49:50
"1590",27360079,78384423,2019-11-16 18:42:36
"1591",730364,1401214,2017-07-30 11:59:05
"1592",3274414,20819960,2018-06-03 21:03:31
"1593",8440684,17639639,2018-11-02 17:21:22
"1594",453450,802318,2017-04-18 14:07:09
"1595",6562515,14124683,2018-09-26 18:59:43
"1596",6707687,14396421,2018-09-29 23:48:29
"1597",643915,9321278,2017-07-04 20:22:30
"1598",12157205,25631102,2019-01-13 17:18:29
"1599",24643111,80595579,2019-10-01 08:44:32
"1600",3320902,8194024,2018-06-06 17:46:52
"1601",1353126,3384093,2017-12-24 11:49:04
"1602",10534349,21770156,2018-12-09 15:06:54
"1603",29383541,87412160,2019-12-22 14:49:43
"1604",946438,2064260,2017-10-08 17:56:16
"1605",439638,695823,2017-04-07 20:19:39
"1606",3365109,11102717,2018-06-08 23:31:12
"1607",2618376,6772796,2018-04-27 20:37:29
"1608",17921096,43087860,2019-05-12 18:27:51
"1609",21512274,56900724,2019-08-03 16:32:15
"1610",28534449,83522847,2019-12-07 17:29:57
"1611",30580592,92849901,2020-01-13 21:19:39
"1612",6281903,13632541,2018-09-19 19:05:11
"1613",1904748,14752209,2018-03-02 22:21:04
"1614",677004,1400767,2017-07-14 20:49:15
"1615",899087,14097521,2017-09-26 21:24:38
"1616",18423608,45077781,2019-05-25 18:36:57
"1617",14062378,30359647,2019-02-17 16:42:57
"1618",11948770,25122808,2019-01-09 07:47:41
"1619",62188,1262109,2016-02-24 14:14:53
"1620",13722133,29741580,2019-02-11 13:23:29
"1621",200535,255280,2016-11-06 18:59:44
"1622",224595,1282722,2016-11-20 17:24:25
"1623",585418,1064189,2017-06-17 18:43:35
"1624",1000795,15701027,2017-10-21 17:30:35
"1625",7354521,42949425,2018-10-13 15:33:17
"1626",17665580,42049953,2019-05-05 19:48:19
"1627",771461,11771248,2017-08-14 18:07:07
"1628",142637,296168,2016-09-07 15:08:11
"1629",977191,2160952,2017-10-15 18:39:58
"1630",990862,2199638,2017-10-19 13:08:56
"1631",1264508,3068133,2017-12-08 20:01:20
"1632",1484697,3791036,2018-01-15 15:08:03
"1633",3563312,17026947,2018-06-16 14:08:18
"1634",11395322,23707023,2018-12-26 01:37:32
"1635",25247770,70099410,2019-10-11 14:37:24
"1636",174501,226810,2016-10-22 16:52:33
"1637",4077964,11880685,2018-07-13 20:38:21
"1638",28341474,82615714,2019-12-04 08:17:56
"1639",11368365,27189323,2018-12-25 14:22:51
"1640",565807,1030368,2017-06-11 09:43:10
"1641",29333067,87191500,2019-12-21 18:22:15
"1642",30102054,90169577,2020-01-04 23:01:06
"1643",3055928,7606534,2018-05-22 14:56:39
"1644",2100353,5392179,2018-03-18 18:49:17
"1645",24299,1490786,2015-12-14 13:12:59
"1646",1273343,3095742,2017-12-09 21:10:03
"1647",293877,83034854,2017-01-23 19:57:32
"1648",10545187,21790464,2018-12-09 18:01:31
"1649",30854353,96604498,2020-01-18 23:37:22
"1650",92966,4100584,2016-04-17 22:43:13
"1651",788,5570,2015-02-11 00:00:00
"1652",3086435,7633753,2018-05-24 12:29:19
"1653",1932777,5185054,2018-03-04 18:47:34
"1654",834789,2953806,2017-09-09 03:49:55
"1655",2164087,5541246,2018-03-23 21:32:06
"1656",6170693,NA,2018-09-16 17:42:50
"1657",4396066,18363617,2018-07-28 20:41:57
"1658",14918522,32722762,2019-03-05 11:16:17
"1659",27824761,80369361,2019-11-24 18:25:13
"1660",2145738,5489378,2018-03-22 13:51:59
"1661",706207,1518323,2017-07-23 16:45:57
"1662",6154211,14283695,2018-09-16 08:15:11
"1663",13705694,29414016,2019-02-11 00:14:50
"1664",349776,502851,2017-02-15 16:37:36
"1665",301532,585231,2017-01-27 20:03:44
"1666",554818,1370493,2017-06-07 18:47:39
"1667",52651,182596,2016-02-13 11:29:42
"1668",324514,468223,2017-02-05 02:49:35
"1669",239972,26861540,2016-11-29 11:25:12
"1670",262194,346371,2016-12-17 12:33:20
"1671",7011924,17242825,2018-10-06 19:40:18
"1672",17459504,50650902,2019-05-01 00:27:26
"1673",14331437,36023959,2019-02-22 19:17:03
"1674",1430529,3625968,2018-01-07 18:33:05
"1675",1303302,4491692,2017-12-15 16:05:03
"1676",7288646,15537496,2018-10-12 11:14:08
"1677",632112,1256569,2017-07-01 15:46:13
"1678",6268849,25834137,2018-09-19 11:16:02
"1679",1262227,3116902,2017-12-08 17:29:50
"1680",10887438,28622788,2018-12-15 20:16:42
"1681",12992152,27639892,2019-01-29 18:45:45
"1682",2014945,5189240,2018-03-11 19:39:10
"1683",608128,1132297,2017-06-24 15:17:01
"1684",12524067,26518957,2019-01-20 19:33:39
"1685",4583,11838,2015-07-23 08:18:17
"1686",1111490,2591234,2017-11-11 15:39:30
"1687",5347763,18517074,2018-08-25 20:07:55
"1688",31599210,96675715,2020-02-01 17:14:12
"1689",1366996,3425446,2017-12-27 19:06:20
"1690",8916877,22383303,2018-11-11 15:27:17
"1691",983409,11416531,2017-10-17 15:51:34
"1692",9756044,28602919,2018-11-25 18:25:33
"1693",13123078,27970580,2019-02-01 11:09:07
"1694",16845981,40123997,2019-04-14 18:17:18
"1695",23289457,63397581,2019-09-08 20:42:45
"1696",23845747,71951968,2019-09-18 10:27:20
"1697",30243942,93483715,2020-01-07 16:53:32
"1698",1080521,2468995,2017-11-05 13:39:18
"1699",13445496,28749135,2019-02-06 18:05:58
"1700",31577861,NA,2020-02-01 11:04:31
"1701",12036160,25325423,2019-01-11 12:29:19
"1702",513916,910150,2017-05-23 11:57:45
"1703",4250464,10284785,2018-07-22 11:23:07
"1704",30386412,94974397,2020-01-10 17:18:45
"1705",15337118,33891523,2019-03-13 20:17:59
"1706",31553756,96453060,2020-01-31 21:24:45
"1707",2553168,7292677,2018-04-22 23:31:04
"1708",5886063,14519804,2018-09-08 13:36:11
"1709",15966172,43945768,2019-03-25 00:06:40
"1710",1931747,92823419,2018-03-04 18:02:15
"1711",25245075,74724293,2019-10-11 13:40:28
"1712",29678272,96512575,2019-12-28 03:46:41
"1713",31608583,96662041,2020-02-01 18:53:06
"1714",14920679,32664409,2019-03-05 12:29:57
"1715",2091336,5556401,2018-03-18 02:24:56
"1716",4911570,61880036,2018-08-16 12:17:41
"1717",395653,1823421,2017-03-14 23:50:12
"1718",3903320,9451180,2018-07-04 00:45:11
"1719",9086687,18904011,2018-11-14 16:00:41
"1720",13289577,28394057,2019-02-03 19:31:10
"1721",992693,2338144,2017-10-19 19:25:29
"1722",821201,1679814,2017-09-04 08:47:06
"1723",153809,3922615,2016-09-24 10:19:31
"1724",228653,291492,2016-11-23 05:54:12
"1725",1357082,5743420,2017-12-25 18:43:54
"1726",24463125,67694286,2019-09-28 16:41:59
"1727",27372936,78445661,2019-11-16 20:58:10
"1728",21572898,57095504,2019-08-04 18:52:21
"1729",728853,1398033,2017-07-29 20:09:39
"1730",16244794,38771984,2019-03-31 12:29:32
"1731",136944,154967,2016-08-21 17:48:00
"1732",8447253,17665456,2018-11-02 19:13:02
"1733",30094987,90137543,2020-01-04 20:39:00
"1734",85205,55979,2016-04-02 18:31:58
"1735",23256667,93136277,2019-09-08 14:10:32
"1736",6544268,17630828,2018-09-26 10:29:07
"1737",1355001,3772403,2017-12-25 00:24:18
"1738",10802752,24583896,2018-12-14 13:53:46
"1739",13356377,28548353,2019-02-04 21:37:53
"1740",13453502,63286325,2019-02-06 20:10:18
"1741",20491231,54054766,2019-07-12 12:25:14
"1742",1492630,3813934,2018-01-16 20:58:47
"1743",26981844,95541266,2019-11-09 21:20:01
"1744",88549,161280,2016-04-09 09:42:26
"1745",2171928,5559074,2018-03-24 15:48:14
"1746",4786287,11383265,2018-08-14 19:08:52
"1747",8853642,18463708,2018-11-10 16:05:29
"1748",13608964,29201236,2019-02-09 17:48:17
"1749",15721050,35249274,2019-03-20 13:26:22
"1750",31576886,96537213,2020-02-01 10:40:43
"1751",486137,872426,2017-05-07 19:07:17
"1752",18719322,51993232,2019-06-02 08:21:27
"1753",25439955,74811082,2019-10-14 05:29:32
"1754",10525969,21768202,2018-12-09 12:08:53
"1755",1142547,3077995,2017-11-17 14:32:40
"1756",5966637,13048056,2018-09-10 17:14:36
"1757",356428,831595,2017-02-18 20:22:07
"1758",403316,633546,2017-03-19 17:54:15
"1759",406356,620721,2017-03-21 00:00:39
"1760",568583,4011054,2017-06-11 19:18:07
"1761",606724,7114751,2017-06-24 07:55:30
"1762",4260217,10310254,2018-07-22 18:48:22
"1763",790758,2799792,2017-08-23 07:57:31
"1764",24787552,69414181,2019-10-03 21:24:31
"1765",31622481,96727626,2020-02-01 21:24:18
"1766",1942269,5002254,2018-03-05 13:03:29
"1767",18477851,45292304,2019-05-26 19:40:07
"1768",734685,1411930,2017-07-31 12:19:16
"1769",942372,2053282,2017-10-07 20:55:08
